AppId,Name,FollowerCount,Genres,Categories,IGDB_Genres,IGDB_Themes,IGDB_Keywords,ExactMatch,ScrapedName,ReleaseDate,ParsedDate,YoutubeURL,YoutubeViewCount,YoutubeLikeCount,Developers,IsFullyProcessed,Publishers,ReleaseInfo
3316940,The Legend of Heroes: Trails beyond the Horizon,2427,"Action, Adventure, RPG","Single-player, Steam Achievements, Full controller support, Steam Cloud, HDR available, Family Sharing","Adventure, Role-playing (RPG), Turn-based strategy (TBS)","Action, Fantasy, Science fiction",,True,The Legend of Heroes: Trails beyond the Horizon,"15 Jan, 2026",2026-01-15T00:00:00,https://www.youtube.com/watch?v=PnzBiTduoUc,1190477,5579,"Nihon Falcom, PH3 GmbH",True,"NIS America, Inc.","{'original_release_date': 'Sep 26, 2024', 'original_platforms': ['PlayStation 4', 'PlayStation 4', 'PlayStation 5', 'PlayStation 5'], 'ports': [{'platform': 'PC (Microsoft Windows)', 'release_date': 'Jan 23, 2025'}, {'platform': 'Nintendo Switch', 'release_date': 'Jan 15, 2026'}, {'platform': 'Nintendo Switch', 'release_date': 'Jan 15, 2026'}, {'platform': 'Nintendo Switch 2', 'release_date': 'Jan 15, 2026'}, {'platform': 'Nintendo Switch 2', 'release_date': 'Jan 15, 2026'}, {'platform': 'PC (Microsoft Windows)', 'release_date': 'Jan 15, 2026'}, {'platform': 'PlayStation 4', 'release_date': 'Jan 15, 2026'}, {'platform': 'PlayStation 4', 'release_date': 'Jan 15, 2026'}, {'platform': 'PlayStation 5', 'release_date': 'Jan 15, 2026'}, {'platform': 'PlayStation 5', 'release_date': 'Jan 15, 2026'}]}"
1631270,StarRupture,96196,"Action, Adventure, Indie, Simulation, Early Access","Single-player, Multi-player, Co-op, Online Co-op, Family Sharing","Adventure, Indie, Simulator",Action,,True,StarRupture,"6 Jan, 2026",2026-01-06T00:00:00,https://www.youtube.com/watch?v=8AeQeigwU8Y,10428,227,Creepy Jar,True,Creepy Jar,"{'original_release_date': 'Jan 06, 2026', 'original_platforms': ['PC (Microsoft Windows)'], 'ports': []}"
2362060,CODE VEIN II,23565,"Action, RPG","Single-player, Steam Achievements, Full controller support, Captions available, Steam Cloud, Family Sharing",Role-playing (RPG),Action,,True,CODE VEIN II,"29 Jan, 2026",2026-01-29T00:00:00,https://www.youtube.com/watch?v=mdD6dEhhges,392597,20946,Bandai Namco Studios Inc.,True,Bandai Namco Entertainment Inc.,"{'original_release_date': 'Jan 26, 2026', 'original_platforms': ['PC (Microsoft Windows)', 'PlayStation 5', 'Xbox Series X|S'], 'ports': [{'platform': 'PC (Microsoft Windows)', 'release_date': 'Jan 29, 2026'}, {'platform': 'PlayStation 5', 'release_date': 'Jan 29, 2026'}, {'platform': 'Xbox Series X|S', 'release_date': 'Jan 29, 2026'}]}"
2408350,Hermit and Pig,1068,"Action, Adventure, RPG","Single-player, Camera Comfort, Color Alternatives, Custom Volume Controls, Adjustable Difficulty, Keyboard Only Option, Family Sharing","Adventure, Role-playing (RPG)","Action, Comedy","accessibility options, adjustable difficulty, atmospheric, camera comfort, coloful, color alternatives, custom volume controls, keyboard only option, pixel graphics, steam families",True,Hermit and Pig,"22 Jan, 2026",2026-01-22T00:00:00,https://www.youtube.com/watch?v=Y7f_UzkExRg,791,28,Heavy Lunch Studio LLC,True,Heavy Lunch Studio LLC,"{'original_release_date': 'Feb 05, 2026', 'original_platforms': ['Mac', 'PC (Microsoft Windows)'], 'ports': []}"
2455360,Cooking Simulator 2: Better Together,10594,"Casual, Indie, RPG, Simulation, Free To Play","Single-player, Multi-player, Co-op, Online Co-op, Steam Achievements, Full controller support, Steam Trading Cards, Steam Cloud, Family Sharing","Simulator, Strategy","Action, Business",,True,Cooking Simulator 2: Better Together,"20 Jan, 2026",2026-01-20T00:00:00,,0,0,Big Cheese Studio,True,Big Cheese Studio,{}
3151270,One Turn Kill,1024,Strategy,"Single-player, Custom Volume Controls, Mouse Only Option, Family Sharing",Strategy,,,True,One Turn Kill,"15 Jan, 2026",2026-01-15T00:00:00,,0,0,DenDen,True,Waku Waku Games,"{'original_release_date': 'Jan 15, 2026', 'original_platforms': ['PC (Microsoft Windows)'], 'ports': []}"
3199650,Pathologic 3,18209,"Adventure, Indie, RPG, Simulation","Single-player, Full controller support, Family Sharing","Adventure, Indie, Role-playing (RPG), Simulator","Drama, Horror, Mystery, Open world, Survival, Thriller","dystopian, immersive sim, nextfest october 2025, psychological horror, simulation, surreal",True,Pathologic 3,"9 Jan, 2026",2026-01-09T00:00:00,https://www.youtube.com/watch?v=Bcqbg8tW9kU,117066,8870,Ice-Pick Lodge,True,HypeTrain Digital,"{'original_release_date': 'Jan 09, 2026', 'original_platforms': ['PC (Microsoft Windows)', 'PlayStation 5'], 'ports': [{'platform': 'Xbox Series X|S', 'release_date': 'Jan 23, 2026'}]}"
3224840,Sophie: The Girl From The Zone,3237,"Adventure, Indie","Single-player, Steam Achievements, Custom Volume Controls, Adjustable Difficulty, Keyboard Only Option, Mouse Only Option, Playable without Timed Input, Save Anytime, Touch Only Option, Steam Cloud, Family Sharing",,,,True,Sophie: The Girl From The Zone,"9 Jan, 2026",2026-01-09T00:00:00,,0,0,DavyCroquetteGame,True,DavyCroquetteGame,{}
2133830,BrokenLore: UNFOLLOW,3719,"Action, Adventure","Single-player, Steam Achievements, Partial Controller Support, Family Sharing",,,,True,BrokenLore: UNFOLLOW,"16 Jan, 2026",2026-01-16T00:00:00,,0,0,Serafini Productions,True,"Serafini Productions, Shochiku",{}
2426530,Nova Roma,33700,"Simulation, Strategy","Single-player, Steam Achievements, Full controller support, Steam Cloud, Family Sharing","Simulator, Strategy","Historical, Open world",,True,Nova Roma,"22 Jan, 2026",2026-01-22T00:00:00,https://www.youtube.com/watch?v=Kio0BbadaZo,8446,204,Lion Shield,True,Hooded Horse,"{'original_release_date': 'Jan 22, 2026', 'original_platforms': ['Linux', 'Mac', 'PC (Microsoft Windows)'], 'ports': []}"
2707870,Streetdog BMX,1284,"Indie, Sports","Single-player, Full controller support, Family Sharing","Indie, Sport",,,True,Streetdog BMX,"14 Jan, 2026",2026-01-14T00:00:00,https://www.youtube.com/watch?v=IhxfMdBMX20,10244,238,Yeah Us! Games,True,Yeah Us! Games,"{'original_release_date': 'Jan 14, 2026', 'original_platforms': ['PC (Microsoft Windows)'], 'ports': []}"
2922570,Tailside: Cozy Cafe Sim,3017,"Adventure, Casual, Indie, RPG, Simulation","Single-player, Steam Achievements, Full controller support, Camera Comfort, Custom Volume Controls, Playable without Timed Input, Save Anytime, Steam Cloud, Family Sharing","Adventure, Indie, Role-playing (RPG), Simulator",Business,"cafe, coffee, cozy, fox",True,Tailside: Cozy Cafe Sim,"21 Jan, 2026",2026-01-21T00:00:00,https://www.youtube.com/watch?v=PSPc-Y9j6yY,7045,15,Coffee Beans Dev,True,Coffee Beans Dev,"{'original_release_date': 'Jan 21, 2026', 'original_platforms': ['PC (Microsoft Windows)'], 'ports': []}"
3004280,World of Magic: Rise of Magic,2518,"Action, Adventure, RPG","Single-player, Steam Achievements, Full controller support, Adjustable Text Size, Camera Comfort, Chat Speech-to-text, Chat Text-to-speech, Custom Volume Controls, Adjustable Difficulty, Save Anytime, Stereo Sound, Subtitle Options, Surround Sound, Remote Play on TV, Family Sharing","Adventure, Role-playing (RPG)",Action,,True,World of Magic: Rise of Magic,"5 Jan, 2026",2026-01-05T00:00:00,,0,0,Ice Dragons,True,Ice Dragons,{}
3181790,Souper Game,2771,"Casual, Indie, Simulation","Single-player, Steam Achievements, Captions available, Steam Cloud, Family Sharing","Arcade, Indie, Simulator, Visual Novel","Comedy, Erotic, Fantasy",streamer-friendly mode,True,Souper Game,"20 Jan, 2026",2026-01-20T00:00:00,https://www.youtube.com/watch?v=sG9Bn6u7grU,105,3,SinBeans Studio,True,SinBeans Studio,"{'original_release_date': 'Sep 01, 2024', 'original_platforms': ['Android', 'PC (Microsoft Windows)'], 'ports': [{'platform': 'PC (Microsoft Windows)', 'release_date': 'Jan 20, 2026'}]}"
3501070,Car Service Together,7734,"Indie, Racing, Simulation, Early Access","Single-player, Multi-player, Co-op, Online Co-op, Steam Achievements, Full controller support, Steam Cloud, Family Sharing","Indie, Racing, Simulator",,"ai-generated artwork, nextfest june 2025",True,Car Service Together,"28 Jan, 2026",2026-01-28T00:00:00,https://www.youtube.com/watch?v=FtI4y9z2BlY,2943,35,V12 Studio,True,V12 Studio,"{'original_release_date': 'Jan 28, 2026', 'original_platforms': ['PC (Microsoft Windows)'], 'ports': []}"
4007700,My Best Friend's Sister,4210,"Adventure, Casual, RPG, Simulation","Single-player, Steam Achievements, Full controller support, Custom Volume Controls, Mouse Only Option, Playable without Timed Input, Save Anytime, Family Sharing",,,,True,My Best Friend's Sister,"9 Jan, 2026",2026-01-09T00:00:00,,0,0,Naughty Sister,True,Naughty Sister,{}
1833200,DuneCrawl,15201,"Action, Adventure, Indie, RPG","Single-player, Multi-player, Co-op, Online Co-op, LAN Co-op, Shared/Split Screen Co-op, Shared/Split Screen, Steam Achievements, Full controller support, Adjustable Text Size, Camera Comfort, Custom Volume Controls, Adjustable Difficulty, Playable without Timed Input, Save Anytime, Stereo Sound, Surround Sound, Steam Cloud, Remote Play Together, Family Sharing, Steam Timeline","Adventure, Indie, Role-playing (RPG)",Action,"remote play, steam achievements, steam cloud, steam timeline",True,DuneCrawl,"5 Jan, 2026",2026-01-05T00:00:00,https://www.youtube.com/watch?v=-y7rI-sU4nc,56693,1836,Alientrap,True,Alientrap,"{'original_release_date': 'Jan 05, 2026', 'original_platforms': ['PC (Microsoft Windows)'], 'ports': []}"
1933930,Ancient Farm,6334,"Casual, Simulation","Single-player, Steam Achievements, Steam Cloud, Family Sharing",Simulator,Sandbox,farming simulator,True,Ancient Farm,"7 Jan, 2026",2026-01-07T00:00:00,,0,0,A2 Softworks,True,"Ultimate Games S.A., PlayWay S.A., Ultimate Publishing","{'original_release_date': 'Jan 08, 2026', 'original_platforms': ['PC (Microsoft Windows)'], 'ports': []}"
1996390,Escape from Ever After,4018,"Adventure, Indie, RPG","Single-player, Full controller support, Family Sharing","Adventure, Indie, Role-playing (RPG)",,,True,Escape from Ever After,"23 Jan, 2026",2026-01-23T00:00:00,https://www.youtube.com/watch?v=koAL6QeFQqc,834,50,Sleepy Castle Studio,True,HypeTrain Digital,"{'original_release_date': 'Jan 23, 2026', 'original_platforms': ['Nintendo Switch', 'PC (Microsoft Windows)', 'PlayStation 5', 'Xbox Series X|S'], 'ports': []}"
2956680,LORT,4367,"Action, Early Access","Single-player, Multi-player, Co-op, Online Co-op, Steam Achievements, Full controller support, Custom Volume Controls, Playable without Timed Input, Steam Cloud, Family Sharing",Indie,Action,"action roguelite, online co-op, roguelite",True,LORT,"21 Jan, 2026",2026-01-21T00:00:00,https://www.youtube.com/watch?v=tU76U-7mxUM,298337,115,Big Distraction,True,Big Distraction,"{'original_release_date': 'Jan 21, 2026', 'original_platforms': ['PC (Microsoft Windows)'], 'ports': []}"
3271000,SEGA FOOTBALL CLUB CHAMPIONS,3346,"Simulation, Sports, Free To Play","Single-player, Multi-player, PvP, Online PvP, Cross-Platform Multiplayer, Full controller support, In-App Purchases","Simulator, Sport",,"controller support, cross-platform multiplayer, football, free-to-play, management, soccer",True,SEGA FOOTBALL CLUB CHAMPIONS,"22 Jan, 2026",2026-01-22T00:00:00,https://www.youtube.com/watch?v=biY-hVO7sEE,3684,29,SEGA,True,SEGA,"{'original_release_date': 'Jan 22, 2026', 'original_platforms': ['Android', 'PC (Microsoft Windows)', 'PlayStation 5', 'iOS'], 'ports': []}"
1028510,Past Fate,5927,"Action, Indie, Massively Multiplayer, RPG, Early Access","Multi-player, MMO, PvP, Online PvP, Co-op, Steam Achievements, Family Sharing","Indie, Role-playing (RPG)",Action,,True,Past Fate,"7 Jan, 2026",2026-01-07T00:00:00,,0,0,Icy North Games,True,Icy North Games,"{'original_release_date': 'Jan 07, 2026', 'original_platforms': ['PC (Microsoft Windows)'], 'ports': []}"
1033030,MaSzyna,4116,Simulation,"Single-player, Adjustable Text Size, Camera Comfort, Custom Volume Controls, Adjustable Difficulty, Keyboard Only Option, Mouse Only Option, Stereo Sound, Surround Sound, Steam Cloud, Includes level editor",Simulator,,,True,MaSzyna,"14 Jan, 2026",2026-01-14T00:00:00,https://www.youtube.com/watch?v=--962Y3ym-U,13315,131,eu07.pl,True,eu07.pl,{}
1190600,Captain Hardcore,5426,"Action, Simulation, Early Access","Single-player, Tracked Controller Support, VR Supported, Family Sharing",Simulator,"Action, Erotic","nudity, sexual content",True,Captain Hardcore,"22 Jan, 2026",2026-01-22T00:00:00,,0,0,AntiZero Games,True,AntiZero Games,{}
1221480,Big Hops,2038,"Action, Adventure, Indie","Single-player, Steam Achievements, Full controller support, Adjustable Text Size, Custom Volume Controls, Playable without Timed Input, Save Anytime, Stereo Sound, Subtitle Options, Steam Cloud, Steam Leaderboards, Family Sharing","Adventure, Indie, Platform",Action,"climbing, collectathon, colorful, controller support, family friendly, frog, swimming, underwater",True,Big Hops,"12 Jan, 2026",2026-01-12T00:00:00,https://www.youtube.com/watch?v=i2eodp455OM,8739,354,Luckshot Games,True,Luckshot Games,"{'original_release_date': 'Jan 12, 2026', 'original_platforms': ['Nintendo Switch', 'PC (Microsoft Windows)', 'PlayStation 5'], 'ports': []}"
1253220,The Gold River Project,12339,"Adventure, Casual, Simulation, Early Access","Single-player, Multi-player, Co-op, Online Co-op, Steam Achievements, Steam Cloud, Family Sharing","Adventure, Indie, Simulator","Action, Open world, Science fiction, Survival",,True,The Gold River Project,"23 Jan, 2026",2026-01-23T00:00:00,https://www.youtube.com/watch?v=DXPJooZj4xU,51810,903,Fairview Games Inc.,True,"Fairview Games Inc., Sightline Games","{'original_release_date': 'Jan 2026', 'original_platforms': ['PC (Microsoft Windows)'], 'ports': []}"
1672810,MIO: Memories in Orbit,12407,"Action, Adventure, Indie","Single-player, Steam Achievements, Full controller support, Custom Volume Controls, Adjustable Difficulty, Keyboard Only Option, Stereo Sound, Steam Cloud, Family Sharing","Adventure, Indie, Platform","Action, Science fiction","androids, metroidvania, nextfest june 2025",True,MIO: Memories in Orbit,"20 Jan, 2026",2026-01-20T00:00:00,https://www.youtube.com/watch?v=xX-IBu2GnAY,443699,900,Douze Dixièmes,True,Focus Entertainment,"{'original_release_date': 'Jan 20, 2026', 'original_platforms': ['Nintendo Switch', 'Nintendo Switch 2', 'PC (Microsoft Windows)', 'PlayStation 5', 'Xbox Series X|S'], 'ports': []}"
1769960,Horizon Journey,3517,"Action, Adventure, Indie, Strategy, Early Access","Single-player, Multi-player, Co-op, Online Co-op, Family Sharing","Adventure, Indie, Strategy","Action, Open world, Science fiction, Survival","base building, colony, crafting, explorable world, exploration, mars, open world survival craft, space, space exploration, survival management, terraforming, useable vehicles, vehicles, world exploration",True,Horizon Journey,"30 Jan, 2026",2026-01-30T00:00:00,https://www.youtube.com/watch?v=7lb32WTnYZs,3868,46,"Redivided Studios, REIN",True,"Redivided Studios, Visima Digital",{}
1771110,Craftlings,10332,"Indie, Strategy","Single-player, Steam Achievements, Camera Comfort, Custom Volume Controls, Mouse Only Option, Playable without Timed Input, Save Anytime, Stereo Sound, Surround Sound, Steam Cloud, Steam Leaderboards, Family Sharing","Simulator, Strategy","Business, Comedy","automation, base building, pixel graphics, relaxing, resource management, restaurant, restaurant management",True,Craftlings,"15 Jan, 2026",2026-01-15T00:00:00,https://www.youtube.com/watch?v=J6nhv8PgsSY,15910,36,ARIANO Games GmbH,True,ARIANO Games GmbH,"{'original_release_date': 'Jan 15, 2026', 'original_platforms': ['PC (Microsoft Windows)'], 'ports': []}"
1858810,The Perfect Pencil,2174,"Action, Adventure, Indie","Single-player, Steam Achievements, Full controller support, Steam Cloud, Family Sharing","Adventure, Indie, Platform, Puzzle",Action,,True,The Perfect Pencil,"29 Jan, 2026",2026-01-29T00:00:00,https://www.youtube.com/watch?v=8WsO3W-Y8d4,40289,1278,Studio Cima,True,"Studio Cima, Doyoyo Games","{'original_release_date': 'Jan 29, 2026', 'original_platforms': ['Nintendo Switch', 'PC (Microsoft Windows)'], 'ports': []}"
1936020,Summer Beach,1040,"Casual, RPG, Simulation","Single-player, Custom Volume Controls, Save Anytime, Stereo Sound, Steam Cloud, Family Sharing",Role-playing (RPG),Erotic,"adult, nsfw, nudity, sexual content",True,Summer Beach,January 2026,2026-01-31T00:00:00,,0,0,Sakura Cat,True,Sakura Cat,"{'original_release_date': 'Jan 07, 2026', 'original_platforms': ['PC (Microsoft Windows)'], 'ports': []}"
1972450,Earth of Oryn,15409,"Simulation, Strategy, Early Access","Single-player, Custom Volume Controls, Save Anytime, Stereo Sound, Surround Sound, Family Sharing","Indie, Simulator, Strategy",,"city builder, crowdfunding - kickstarter, medieval, nextfest october 2025",True,Earth of Oryn,"19 Jan, 2026",2026-01-19T00:00:00,https://www.youtube.com/watch?v=2UPhNsatYg4,5191,140,Earth of Oryn,True,Stray Fawn Publishing,"{'original_release_date': 'Jan 19, 2026', 'original_platforms': ['Linux', 'Mac', 'PC (Microsoft Windows)'], 'ports': []}"
2015760,Havenhold,5927,"Action, Adventure, Indie, Massively Multiplayer, RPG, Free To Play, Early Access","Multi-player, MMO, PvP, Online PvP, Co-op, Online Co-op, Steam Achievements, In-App Purchases","Fighting, Indie, Role-playing (RPG)","Action, Fantasy, Open world, Sandbox, Warfare","combat, martial arts, monk",True,Havenhold,"Jan 5, 2026",2026-01-05T00:00:00,https://www.youtube.com/watch?v=5do4f_e6q90,74809,686,Wolfpack Games,True,Wolfpack Games,"{'original_release_date': 'Jan 05, 2026', 'original_platforms': ['PC (Microsoft Windows)'], 'ports': []}"
2085310,Emberbane,3677,"Action, Adventure, Indie","Single-player, Steam Achievements, Full controller support, Custom Volume Controls, Keyboard Only Option, Playable without Timed Input, Save Anytime, Stereo Sound, Subtitle Options, Family Sharing","Adventure, Indie",Action,,True,Emberbane,January 2026,2026-01-31T00:00:00,https://www.youtube.com/watch?v=N0UpaqXkScE,46041,1551,Hamlet Games,True,Hamlet Games,"{'original_release_date': 'Feb 24, 2026', 'original_platforms': ['Linux', 'Mac', 'PC (Microsoft Windows)'], 'ports': []}"
2201620,Adaptory,1456,"Indie, Simulation, Early Access","Single-player, Adjustable Text Size, Camera Comfort, Color Alternatives, Custom Volume Controls, Mouse Only Option, Playable without Timed Input, Save Anytime, Stereo Sound, Steam Cloud, Family Sharing","Indie, Simulator","Sandbox, Survival","automation, base building, building, chemistry, colony simulator, physics, resource management, story rich",True,Adaptory,"26 Jan, 2026",2026-01-26T00:00:00,https://www.youtube.com/watch?v=ipI3hEsth0A,1444,10,Stormcloak Games,True,indie.io,"{'original_release_date': 'Jan 26, 2026', 'original_platforms': ['PC (Microsoft Windows)'], 'ports': []}"
2262820,????,1627,"Indie, RPG, Strategy","Single-player, Steam Achievements, Steam Workshop, Custom Volume Controls, Adjustable Difficulty, Mouse Only Option, Playable without Timed Input, Save Anytime, Stereo Sound, Touch Only Option, Steam Cloud, Family Sharing",,,,False,永生之庭,"19 Jan, 2026",2026-01-19T00:00:00,,0,0,IMaiIna,True,IMaiIna,{}
2305640,Bladesong,10927,"Indie, RPG, Simulation, Early Access","Single-player, Adjustable Text Size, Custom Volume Controls, Playable without Timed Input, Save Anytime, Family Sharing","Indie, Role-playing (RPG), Simulator","Business, Fantasy","blacksmith, crafting, modding support, sword",True,Bladesong,"22 Jan, 2026",2026-01-22T00:00:00,https://www.youtube.com/watch?v=2Db4kqsVWF4,2348,112,SUN AND SERPENT creations,True,Mythwright,{}
2421360,??????100?????,2298,"Action, Indie, RPG","Single-player, Steam Achievements, Steam Cloud, Family Sharing",Shooter,"Action, Comedy, Fantasy","aftermarket release, backwards compatibility, digital distribution, fairy, fan translation - toki pona, magic, playstation network, playstation tv support, psone classics, shoot 'em up, witches",False,在赛博世界和100个道侣修仙,"7 Jan, 2026",2026-01-07T00:00:00,https://www.youtube.com/watch?v=66zudGtDHO0,752,11,雙峰狂詩曲,True,雙峰狂詩曲,"{'original_release_date': 'Apr 22, 1994', 'original_platforms': ['Super Famicom'], 'ports': [{'platform': 'PlayStation', 'release_date': 'Mar 30, 2000'}, {'platform': 'PlayStation 3', 'release_date': 'Nov 10, 2010'}, {'platform': 'PlayStation Portable', 'release_date': 'Nov 10, 2010'}, {'platform': 'PlayStation 3', 'release_date': 'Feb 02, 2011'}, {'platform': 'PlayStation Portable', 'release_date': 'Feb 02, 2011'}, {'platform': 'Super Nintendo Entertainment System', 'release_date': 'Oct 29, 2021'}]}"
2428800,Nom Nom: Cozy Forest Café,1939,"Casual, Indie, Simulation","Single-player, Steam Achievements, Full controller support, Custom Volume Controls, Adjustable Difficulty, Steam Cloud, Stats, Remote Play on TV, Family Sharing",,,,True,Nom Nom: Cozy Forest Café,"12 Jan, 2026",2026-01-12T00:00:00,,0,0,Anaïs Salla,True,Anaïs Salla,{}
2586440,House 2,1171,"Action, Adventure, Indie","Single-player, Steam Achievements, Partial Controller Support, Family Sharing","Adventure, Indie",Action,,True,House 2,January 2026,2026-01-31T00:00:00,https://www.youtube.com/watch?v=sUjAz75S4vI,40868,1646,Bark Bark Games,True,Glowstick Entertainment,{}
2591150,Philna Fantasy,2676,"Action, Adventure, Indie, RPG","Single-player, Steam Achievements, Full controller support, Steam Cloud, Family Sharing","Adventure, Indie, Role-playing (RPG)",Action,nextfest october 2025,True,Philna Fantasy,"14 Jan, 2026",2026-01-14T00:00:00,,0,0,Sailike Game,True,Anotherindie,"{'original_release_date': 'Jan 15, 2026', 'original_platforms': ['PC (Microsoft Windows)'], 'ports': []}"
2610650,"Don't Stop, Girlypop!",5173,"Action, Adventure","Single-player, Family Sharing","Adventure, Indie, Shooter",Action,,True,"Don't Stop, Girlypop!","29 Jan, 2026",2026-01-29T00:00:00,https://www.youtube.com/watch?v=jTc70zDf8SM,18614,404,Funny Fintan Softworks,True,Kwalee,"{'original_release_date': 'Jan 29, 2026', 'original_platforms': ['PC (Microsoft Windows)'], 'ports': []}"
2612690,Roots Devour,2452,"Adventure, Indie, Strategy","Single-player, Steam Cloud, Family Sharing","Adventure, Card & Board Game, Indie, Strategy","Fantasy, Horror",lovecraftian,True,Roots Devour,"27 Jan, 2026",2026-01-27T00:00:00,https://www.youtube.com/watch?v=fIzDEwlsWNM,3625,165,Rewinding Games,True,GCORES PUBLISHING,"{'original_release_date': '2026', 'original_platforms': ['PC (Microsoft Windows)'], 'ports': []}"
2646320,?????,7464,"Indie, RPG, Strategy","Single-player, Steam Achievements, Steam Workshop, Steam Cloud, Family Sharing",,,,False,息风谷战略,"15 Jan, 2026",2026-01-15T00:00:00,,0,0,Xia Start,True,Xia Start,{}
2678830,Halcyon Days at Taoyuan,1311,"Casual, Indie, RPG, Simulation","Single-player, Steam Achievements, Partial Controller Support, Steam Cloud, Family Sharing","Indie, Role-playing (RPG), Simulator",,nextfest june 2025,True,Halcyon Days at Taoyuan,"20 Jan, 2026",2026-01-20T00:00:00,,0,0,BotanX,True,方块游戏(CubeGame),"{'original_release_date': 'Jan 2026', 'original_platforms': ['PC (Microsoft Windows)'], 'ports': []}"
2797960,Confidential Killings - A Detective Game,1436,"Adventure, Indie","Single-player, Steam Achievements, Family Sharing",,,,False,Confidential Killings,"12 Jan, 2026",2026-01-12T00:00:00,,0,0,"BRANE, Lorenzo Boni",True,Surefire.Games,{}
2832280,Blightstone,5374,"Adventure, Indie, RPG, Strategy, Early Access","Single-player, Family Sharing","Adventure, Indie, Role-playing (RPG), Strategy",Fantasy,"dark fantasy, roguelike, steam achievements",True,Blightstone,"20 Jan, 2026",2026-01-20T00:00:00,https://www.youtube.com/watch?v=VCXUYaFESuk,5046,113,Unfinished Pixel,True,"Unfinished Pixel, Kepler Ghost","{'original_release_date': 'Jan 20, 2026', 'original_platforms': ['PC (Microsoft Windows)'], 'ports': []}"
2842800,????,1542,"Adventure, Indie, Strategy","Single-player, Steam Cloud, Family Sharing",,,,False,尸姬之梦,"11 Jan, 2026",2026-01-11T00:00:00,,0,0,HT3 Studio,True,INDIECN,{}
2896260,ODDCORE,1955,"Action, Indie, Early Access","Single-player, Steam Achievements, Full controller support, Camera Comfort, Custom Volume Controls, Playable without Timed Input, Stereo Sound, Steam Cloud, Stats, Steam Leaderboards, Includes level editor, Remote Play on TV, Remote Play Together, Family Sharing","Arcade, Indie, Platform, Shooter",Action,"3d platformer, action roguelike, arena shooter, backrooms, fast paced, leaderboard, liminal space, movement shooter, nextfest june 2025, steam achievements, the backrooms",True,ODDCORE,"7 Jan, 2026",2026-01-07T00:00:00,https://www.youtube.com/watch?v=px81XZgDFg8,147,9,ODDCORP,True,Scarecrow Arts,"{'original_release_date': 'Jan 07, 2026', 'original_platforms': ['PC (Microsoft Windows)'], 'ports': []}"
2913610,"What Awaits, Aleksey?",1158,Indie,"Single-player, Steam Achievements, Captions available, Family Sharing","Adventure, Indie, Point-and-click, Puzzle",,,True,"What Awaits, Aleksey?",January 2026,2026-01-31T00:00:00,https://www.youtube.com/watch?v=YzXdYWcnMeM,57,1,JKBC,True,JKBC,{}
2918090,Fear The Timeloop,1898,"Action, Adventure","Single-player, Steam Achievements, Full controller support, Steam Cloud, Family Sharing","Adventure, Shooter","Action, Horror",time loop,True,Fear The Timeloop,January 2026,2026-01-31T00:00:00,,0,0,TacoEaters,True,"PlayWay S.A., TacoEaters","{'original_release_date': 'Jan 2026', 'original_platforms': ['PC (Microsoft Windows)'], 'ports': []}"
3064060,Super Chipflake Ü: Quest for the Uncooked Schnitzel,1555,"Adventure, Indie","Single-player, Full controller support, Family Sharing",,,,True,Super Chipflake Ü: Quest for the uncooked Schnitzel,"18 Jan, 2026",2026-01-18T00:00:00,,0,0,SalsaShark Studios,True,SalsaShark Studios,{}
3064810,Strategos,7038,"Simulation, Strategy","Single-player, Family Sharing","Real Time Strategy (RTS), Simulator, Strategy, Tactical","Historical, Warfare",,True,Strategos,January 2026,2026-01-31T00:00:00,,0,0,Strategos Games,True,MicroProse Software,"{'original_release_date': 'Jan 2026', 'original_platforms': ['PC (Microsoft Windows)'], 'ports': []}"
3085910,Feastopia,1023,"Simulation, Strategy","Single-player, Family Sharing","Simulator, Strategy, Turn-based strategy (TBS)",,,True,Feastopia,"29 Jan, 2026",2026-01-29T00:00:00,,0,0,White Star Studio,True,IndieArk,{}
3218630,Super Woden: Rally Edge,1029,"Indie, Racing, Sports","Single-player, Multi-player, PvP, Shared/Split Screen PvP, Shared/Split Screen, Steam Achievements, Full controller support, Custom Volume Controls, Adjustable Difficulty, Keyboard Only Option, Save Anytime, Stereo Sound, Steam Cloud, Steam Leaderboards, Remote Play on TV, Remote Play Together, Family Sharing","Indie, Racing, Sport",,,True,Super Woden: Rally Edge,"15 Jan, 2026",2026-01-15T00:00:00,,0,0,ViJuDa,True,ViJuDa,"{'original_release_date': 'Jan 15, 2026', 'original_platforms': ['PC (Microsoft Windows)'], 'ports': []}"
3264850,That Time I Got Reincarnated as a Demon Hand,4064,"Action, Casual, Indie, RPG","Single-player, Steam Achievements, Camera Comfort, Color Alternatives, Custom Volume Controls, Adjustable Difficulty, Mouse Only Option, Playable without Timed Input, Steam Cloud, Family Sharing",,,,True,That Time I Got Reincarnated as a Demon Hand,"22 Jan, 2026",2026-01-22T00:00:00,,0,0,Tora Creatives,True,"Tora Creatives, Lewdonymous, Secret Labo",{}
3278310,LANESPLIT,2254,"Action, Indie, Racing, Simulation, Sports","Single-player, Multi-player, PvP, Online PvP, Co-op, Online Co-op, Custom Volume Controls, Keyboard Only Option, Playable without Timed Input, Stereo Sound, Surround Sound, Partial Controller Support, Steam Leaderboards, Family Sharing","Indie, Racing, Simulator",Action,nextfest june 2025,True,LANESPLIT,"28 Jan, 2026",2026-01-28T00:00:00,https://www.youtube.com/watch?v=by25yDfCOPo,2997,90,FunkyMouse,True,FunkyMouse,"{'original_release_date': 'Jan 28, 2026', 'original_platforms': ['PC (Microsoft Windows)'], 'ports': []}"
3330500,Smutstone,2356,"Adventure, Strategy, Free To Play","Single-player, Multi-player, PvP, Online PvP, In-App Purchases",,,,True,Smutstone,"11 Jan, 2026",2026-01-11T00:00:00,,0,0,Flushee 💘,True,Flushee 💘,{}
3333670,Mr. President,1150,"RPG, Simulation, Strategy, Early Access","Single-player, Steam Achievements, Steam Cloud, Family Sharing","Simulator, Strategy",Non-fiction,"grand strategy, political simulation, presidential protagonist, steam achievements, steam cloud, steam families",True,Mr. President,"26 Jan, 2026",2026-01-26T00:00:00,https://www.youtube.com/watch?v=MXUJNuiv7p4,665,12,Exia Labs,True,Exia Labs,{}
3367030,Snow Ash,1477,"Indie, Simulation, Strategy","Single-player, Steam Achievements, Steam Cloud, Family Sharing","Indie, Role-playing (RPG), Shooter","Action, Open world, Survival",post-apocalyptic,True,Snow Ash,"7 Jan, 2026",2026-01-07T00:00:00,https://www.youtube.com/watch?v=ndwQ9YHKUck,1371,34,Ember Studio,True,Paras Games,{}
3413800,Hotel Tales,4314,"Adventure, Casual, RPG","Single-player, Steam Achievements, Family Sharing","Adventure, Role-playing (RPG)",Erotic,,True,Hotel Tales,January 2026,2026-01-31T00:00:00,,0,0,TopHouse Studio,True,TopHouse Publishing,"{'original_release_date': 'Jan 2026', 'original_platforms': ['PC (Microsoft Windows)'], 'ports': []}"
3419520,Quarantine Zone: The Last Check,62397,"Indie, Simulation, Strategy","Single-player, Family Sharing","Indie, Simulator, Strategy","Action, Sandbox, Science fiction","checkpoints, nextfest october 2025, post-apocalyptic, zombie virus",True,Quarantine Zone: The Last Check,"12 Jan, 2026",2026-01-12T00:00:00,https://www.youtube.com/watch?v=NoQDA0GgXFo,1450,17,Brigada Games,True,Devolver Digital,"{'original_release_date': 'Jan 12, 2026', 'original_platforms': ['PC (Microsoft Windows)'], 'ports': []}"
3440390,Drunkard Simulator,1170,"Action, Adventure, Indie, RPG, Simulation, Early Access","Single-player, Multi-player, Co-op, Online Co-op, Steam Achievements, Custom Volume Controls, Playable without Timed Input, Save Anytime, Stereo Sound, Surround Sound, Steam Cloud, Family Sharing","Adventure, Indie, Role-playing (RPG), Simulator",Action,"ai-generated music, ai-generated sound effects, ai-generated text, ai-generated voices, nextfest october 2025, steam achievements",True,Drunkard Simulator,January 2026,2026-01-31T00:00:00,,0,0,PostHuman Interactive,True,PostHuman Interactive,"{'original_release_date': 'Jan 2026', 'original_platforms': ['PC (Microsoft Windows)'], 'ports': []}"
3470560,Millennium Dream,3749,"Action, Adventure, Casual, Simulation","Single-player, Steam Cloud, Family Sharing",Adventure,Action,"ai-generated artwork, liminal space, nextfest june 2025",True,Millennium Dream,January 2026,2026-01-31T00:00:00,https://www.youtube.com/watch?v=cj3-IeVP1zg,3638,144,LucidDreamLab,True,LucidDreamLab,{}
3499220,Gamer Stop Simulator,1690,"Casual, Indie, Simulation, Early Access","Single-player, Family Sharing","Indie, Simulator",,"ai-generated artwork, nextfest june 2025",True,Gamer Stop Simulator,"12 Jan, 2026",2026-01-12T00:00:00,,0,0,Red Axe Games,True,Red Axe Games,"{'original_release_date': 'Jan 12, 2026', 'original_platforms': ['PC (Microsoft Windows)'], 'ports': []}"
3597000,Umbranomicon,1936,"Adventure, Casual, RPG","Single-player, Steam Achievements, Family Sharing",,,,True,Umbranomicon,January 2026,2026-01-31T00:00:00,,0,0,Pleasure Studio,True,TopHouse Publishing,{}
3614160,Isekai Adventurer Guild,1613,"Adventure, Indie, Simulation, Strategy, Early Access","Single-player, Steam Achievements, Steam Cloud, Family Sharing","Adventure, Indie, Simulator, Strategy",,"ai-generated artwork, nextfest june 2025",True,Isekai Adventurer Guild,"12 Jan, 2026",2026-01-12T00:00:00,,0,0,Beard Bear,True,Beard Bear,{}
3618390,Gamblers Table,3388,"Casual, Indie, Simulation, Strategy","Single-player, Steam Achievements, Full controller support, Color Alternatives, Custom Volume Controls, Mouse Only Option, Save Anytime, Touch Only Option, Steam Cloud, Family Sharing","Indie, Point-and-click, Simulator, Strategy",Comedy,"automation, clicker, idle, incremental",True,Gamblers Table,"11 Jan, 2026",2026-01-11T00:00:00,https://www.youtube.com/watch?v=bT6jJfFzDJg,1736,26,"greenpixels, Bossforge",True,"greenpixels, Bossforge","{'original_release_date': 'Mar 21, 2025', 'original_platforms': ['Linux', 'PC (Microsoft Windows)', 'Web browser'], 'ports': [{'platform': 'Linux', 'release_date': 'Jan 11, 2026'}, {'platform': 'PC (Microsoft Windows)', 'release_date': 'Jan 11, 2026'}]}"
3639650,Kotama and Academy Citadel,4604,"Action, Adventure, Indie, RPG","Single-player, Steam Achievements, Full controller support, Steam Cloud, Family Sharing","Adventure, Indie, Platform","Action, Science fiction","anime, exploration",True,Kotama and Academy Citadel,"14 Jan, 2026",2026-01-14T00:00:00,https://www.youtube.com/watch?v=B6x66b8vppE,1294,24,Atomstring Games,True,"2P Games, Atomstring Games","{'original_release_date': 'Jan 15, 2026', 'original_platforms': ['PC (Microsoft Windows)'], 'ports': []}"
3679930,Factory Planner,1311,"Casual, Indie, Simulation, Strategy, Early Access","Single-player, Family Sharing","Indie, Simulator, Strategy",,,True,Factory Planner,"18 Jan, 2026",2026-01-18T00:00:00,,0,0,Lebleby Games,True,Red Axe Games,"{'original_release_date': 'Jan 16, 2026', 'original_platforms': ['PC (Microsoft Windows)'], 'ports': []}"
3707400,On-Together: Virtual Co-Working,2275,"Casual, Indie, Simulation","Single-player, Multi-player, Co-op, Online Co-op, Steam Achievements, Steam Cloud, Stats, Family Sharing",,,,True,On-Together: Virtual Co-Working,"19 Jan, 2026",2026-01-19T00:00:00,,0,0,GigaPuff,True,Future Friends Games,{}
3741860,Vital Shell,2407,"Action, RPG","Single-player, Steam Achievements, Full controller support, Camera Comfort, Color Alternatives, Custom Volume Controls, Keyboard Only Option, Playable without Timed Input, Stereo Sound, Steam Cloud, Steam Leaderboards, Family Sharing",Role-playing (RPG),"Action, Fantasy, Science fiction, Survival","action roguelike, arena shooter, bullet heaven, controller support, low-poly, mech, mecha, nextfest october 2025, ps1 inspired, science-fantasy, steam achievements, steam cloud, steam leaderboards",True,Vital Shell,"7 Jan, 2026",2026-01-07T00:00:00,https://www.youtube.com/watch?v=03amipTJXFU,1900,169,MarvinWizard,True,MarvinWizard,"{'original_release_date': 'Jan 07, 2026', 'original_platforms': ['Linux', 'PC (Microsoft Windows)'], 'ports': []}"
3762550,HELLMART,7135,"Adventure, Indie, Simulation","Single-player, Steam Achievements, Camera Comfort, Custom Volume Controls, Stereo Sound, Steam Cloud, HDR available, Family Sharing","Indie, Simulator",Horror,nextfest october 2025,True,HELLMART,"28 Jan, 2026",2026-01-28T00:00:00,https://www.youtube.com/watch?v=Jquaclu6G3g,662397,21018,GAZE IN GAMES,True,GAZE IN GAMES,{}
3791450,EvoCreo,1560,"Adventure, Indie, RPG","Single-player, Steam Achievements, Family Sharing","Adventure, Indie, Role-playing (RPG), Turn-based strategy (TBS)",Fantasy,,True,EvoCreo,"7 Jan, 2026",2026-01-07T00:00:00,https://www.youtube.com/watch?v=4Soz-_NqRK4,134919,2452,Ilmfinity Studios,True,Ilmfinity Studios,"{'original_release_date': 'Mar 01, 2025', 'original_platforms': ['Android'], 'ports': [{'platform': 'PC (Microsoft Windows)', 'release_date': 'Q1 2026'}]}"
3802470,Turnbound,1818,"Indie, Strategy, Early Access","Single-player, Multi-player, PvP, Online PvP, Steam Achievements, Color Alternatives, Custom Volume Controls, Mouse Only Option, Playable without Timed Input, Steam Leaderboards, Family Sharing","Card & Board Game, Indie, Strategy, Tactical, Turn-based strategy (TBS)","Comedy, Fantasy, Horror, Mystery","asynchronous multiplayer, autobattler, boardgames, cat, inventory management, organization, tactical turn-based combat, turn-based, turn-based tactics",True,Turnbound,"22 Jan, 2026",2026-01-22T00:00:00,https://www.youtube.com/watch?v=m2AWPM2BoFA,160,4,1TK,True,"Gambit Digital, 1TK","{'original_release_date': 'Jan 22, 2026', 'original_platforms': ['Linux', 'Mac', 'PC (Microsoft Windows)'], 'ports': []}"
3850560,????????,1154,"Casual, RPG, Simulation","Single-player, Steam Achievements, Mouse Only Option, Save Anytime, Touch Only Option, Steam Cloud, Remote Play on Phone, Remote Play on Tablet, Remote Play Together, Family Sharing",,,,False,血薪记：罪恶园区,January 2026,2026-01-31T00:00:00,,0,0,Jade flame,True,Jade flame,{}
3851570,Lure Of Passion,2967,"Adventure, Casual, Indie, RPG","Single-player, Steam Achievements, Mouse Only Option, Save Anytime, Stereo Sound, Touch Only Option, Steam Cloud, Family Sharing","Adventure, Indie, Role-playing (RPG)","Erotic, Fantasy",,True,Lure Of Passion,"5 Jan, 2026",2026-01-05T00:00:00,,0,0,Snakerser's Games,True,Snakerser's Games,"{'original_release_date': 'Jan 05, 2026', 'original_platforms': ['Linux', 'PC (Microsoft Windows)'], 'ports': []}"
3929200,BULT: Hunting simulator,1246,"Adventure, Simulation, Sports, Early Access","Single-player, In-App Purchases, Playable without Timed Input, Stereo Sound, Surround Sound, Family Sharing","Adventure, Indie, Simulator, Sport, Strategy","Action, Open world, Stealth","birds, birdwatching, duck, ducks, hunter, hunting, realistic ballistics, simulation",True,BULT: Hunting simulator,"5 Jan, 2026",2026-01-05T00:00:00,https://www.youtube.com/watch?v=84BtpLk6u74,4493,141,Nordrise,True,Ykt Games,"{'original_release_date': 'Jan 06, 2026', 'original_platforms': ['PC (Microsoft Windows)'], 'ports': []}"
3942480,The NOexistenceN of Morphean Paradox : The Forest of Silver Shallots,5598,"Adventure, Indie, RPG, Early Access","Single-player, Steam Achievements, Playable without Timed Input, Family Sharing","Adventure, Indie, Role-playing (RPG)",Fantasy,,True,The NOexistenceN of Morphean Paradox : The Forest of Silver Shallots,"18 Jan, 2026",2026-01-18T00:00:00,,0,0,0x0Real Studio,True, Nino Games,{}
4005090,Dungeon Antiqua 2,1345,RPG,"Single-player, Full controller support, Family Sharing",Role-playing (RPG),Fantasy,,True,Dungeon Antiqua 2,"8 Jan, 2026",2026-01-08T00:00:00,,0,0,Shiromofu Factory,True, Shiromofu Factory,"{'original_release_date': 'Jan 07, 2026', 'original_platforms': ['Mac', 'PC (Microsoft Windows)'], 'ports': []}"
4010250,EmyLiveShow Origins: Emy the Vampire Queen,3113,Casual,"Single-player, Steam Achievements, Family Sharing",,,,True,EmyLiveShow Origins: Emy The Vampire Queen,January 2026,2026-01-31T00:00:00,,0,0,Team Emily,True,Team Emily,{}
4087980,Fickle Card Legend,1428,"Adventure, Casual, Indie, RPG","Single-player, Steam Cloud, Family Sharing",,,,True,Fickle Card Legend,"7 Jan, 2026",2026-01-07T00:00:00,,0,0,偶尔不帅,True,偶尔不帅,{}
4128260,Highguard,8149,"Action, Free To Play","Multi-player, PvP, Online PvP, Cross-Platform Multiplayer, Steam Achievements, Full controller support, In-App Purchases, Adjustable Text Size, Custom Volume Controls, Stereo Sound, Subtitle Options, Surround Sound",Shooter,"Action, Fantasy",,True,Highguard,"26 Jan, 2026",2026-01-26T00:00:00,https://www.youtube.com/watch?v=twK-acOec9o,95059,1030,"Wildlight Entertainment, Inc.",True,"Wildlight Entertainment, Inc.","{'original_release_date': 'Jan 26, 2026', 'original_platforms': ['PC (Microsoft Windows)', 'PlayStation 5', 'Xbox Series X|S'], 'ports': []}"
4241850,Dreadmyst,6208,"Indie, Massively Multiplayer, RPG, Free To Play","Multi-player, MMO, PvP, Online PvP, Co-op, Online Co-op, Custom Volume Controls","Indie, Role-playing (RPG)",,,True,Dreadmyst,"9 Jan, 2026",2026-01-09T00:00:00,,0,0,dreadmyst.com,True,dreadmyst.com,"{'original_release_date': 'Jan 09, 2026', 'original_platforms': ['PC (Microsoft Windows)'], 'ports': []}"
