AppId,Name,FollowerCount,Genres,Categories,IGDB_Genres,IGDB_Themes,IGDB_Keywords,ExactMatch,ScrapedName,ReleaseDate,ParsedDate,YoutubeURL,YoutubeViewCount,YoutubeLikeCount,ScrapingError,Developers,IsFullyProcessed,Publishers,ReleaseInfo
1374860,Nocturne,6170,"Adventure, Indie, RPG","Single-player, Full controller support, Family Sharing","Indie, Role-playing (RPG), Strategy, Turn-based strategy (TBS)",Action,,True,Nocturne,"30 Jun, 2026",2026-06-30T00:00:00,,0,0,,Pracy Studios,True,Pracy Studios,"{'original_release_date': 'May 08, 2026', 'original_platforms': ['PC (Microsoft Windows)'], 'ports': []}"
1297900,Gothic 1 Remake,106364,"Action, RPG","Single-player, Steam Achievements, Full controller support, Steam Trading Cards, Camera Comfort, Custom Volume Controls, Adjustable Difficulty, Playable without Timed Input, Save Anytime, Stereo Sound, Subtitle Options, Surround Sound, Steam Cloud, Family Sharing",Role-playing (RPG),"Fantasy, Open world","atmospheric, dark fantasy, exploration, magic, medieval, story rich",True,Gothic 1 Remake,"5 Jun, 2026",2026-06-05T00:00:00,https://www.youtube.com/watch?v=u2lQjmmW1B0,75636,3163,,Alkimia Interactive,True,THQ Nordic,"{'original_release_date': 'Jun 05, 2026', 'original_platforms': ['PC (Microsoft Windows)', 'PlayStation 5', 'Xbox Series X|S'], 'ports': []}"
3483510,The Adventures of Elliot: The Millennium Tales,10001,"Action, Adventure, RPG","Single-player, Multi-player, Steam Achievements, Full controller support, Custom Volume Controls, Adjustable Difficulty, Playable without Timed Input, Stereo Sound, Steam Cloud, Family Sharing","Adventure, Role-playing (RPG)","Action, Fantasy",hd2d,True,The Adventures of Elliot: The Millennium Tales,"18 Jun, 2026",2026-06-18T00:00:00,https://www.youtube.com/watch?v=u-zycj_tJgo,409036,11600,,"Square Enix, Claytechworks",True,Square Enix,"{'original_release_date': 'Jun 18, 2026', 'original_platforms': ['Nintendo Switch 2', 'PC (Microsoft Windows)', 'PlayStation 5', 'Xbox Series X|S'], 'ports': []}"
2004680,Voidling Bound,19140,"Action, Adventure, RPG","Single-player, Steam Achievements, Full controller support, Camera Comfort, Color Alternatives, Custom Volume Controls, Adjustable Difficulty, Playable without Timed Input, Stereo Sound, Steam Cloud, Stats, Family Sharing","Adventure, Role-playing (RPG)","Action, Science fiction",,True,Voidling Bound,"9 Jun, 2026",2026-06-09T00:00:00,https://www.youtube.com/watch?v=JnvM3HF7cHk,3897,220,,Hatchery Games,True,Hatchery Games,"{'original_release_date': 'Jun 09, 2026', 'original_platforms': ['PC (Microsoft Windows)'], 'ports': []}"
2524850,Denshattack!,11807,"Action, Adventure","Single-player, Steam Achievements, Full controller support, Family Sharing","Adventure, Platform, Racing, Sport",Action,nextfest february 2026,True,,"Jun 17, 2026",2026-06-17T00:00:00,https://www.youtube.com/watch?v=o_Xmv9eAIZA,131365,9397,,Undercoders,True,"Fireshine Games, Boltray Games","{'original_release_date': 'Jun 17, 2026', 'original_platforms': ['Nintendo Switch 2', 'PC (Microsoft Windows)', 'PlayStation 5', 'Xbox Series X|S'], 'ports': []}"
3759220,Pawsome Resort,2251,"Adventure, Casual, Indie, RPG, Simulation, Early Access","Single-player, Full controller support, Steam Cloud, Family Sharing","Adventure, Indie, Role-playing (RPG), Simulator",Business,"agriculture, business simulation, cozy, crafting, cute, farming, farming simulator, life simulation, pixel graphics, relaxing, stylized",True,,"24 Jun, 2026",2026-06-24T00:00:00,https://www.youtube.com/watch?v=f8InsH-ZNuE,186,5,,Pixel Puffs,True,Pixel Puffs,"{'original_release_date': 'Jun 24, 2026', 'original_platforms': ['Mac', 'PC (Microsoft Windows)'], 'ports': []}"
4144680,DEAD OR ALIVE 6 Last Round,3565,Action,"Single-player, Multi-player, PvP, Online PvP, Shared/Split Screen PvP, Shared/Split Screen, Steam Achievements, Full controller support, In-App Purchases, Keyboard Only Option, Steam Leaderboards, Family Sharing",Fighting,Action,"accessibility options, keyboard only option, steam achievements",True,DEAD OR ALIVE 6 Last Round,"24 Jun, 2026",2026-06-24T00:00:00,https://www.youtube.com/watch?v=VRvKpCznyJI,130356,5549,,"KOEI TECMO GAMES CO., LTD.",True,"KOEI TECMO GAMES CO., LTD.","{'original_release_date': 'Jun 25, 2026', 'original_platforms': ['PC (Microsoft Windows)', 'PlayStation 5', 'Xbox Series X|S'], 'ports': []}"
1944040,goblinAmerica,1769,"Action, Indie","Single-player, Family Sharing","Indie, Platform, Shooter","Action, Fantasy, Science fiction","exploration, goblin, metroidvania, speedrun, stylish action, unlockables",True,goblinAmerica,"17 Jun, 2026",2026-06-17T00:00:00,https://www.youtube.com/watch?v=P1FSIreQ3s0,4998,131,,Gil Lawson,True,Gil Lawson,"{'original_release_date': 'Jun 17, 2026', 'original_platforms': ['PC (Microsoft Windows)'], 'ports': []}"
2022640,CALX,1685,"Action, Adventure","Single-player, Steam Achievements, Full controller support, Family Sharing",Adventure,"Action, Science fiction",nextfest february 2026,True,XTAL,"4 Jun, 2026",2026-06-04T00:00:00,https://www.youtube.com/watch?v=93X-yZEIcqI,2786,88,,True Colors,True,Dear Villagers,"{'original_release_date': 'Oct 08, 2026', 'original_platforms': ['PC (Microsoft Windows)'], 'ports': [{'platform': 'Nintendo Switch', 'release_date': '2026'}, {'platform': 'PlayStation 5', 'release_date': '2026'}, {'platform': 'Xbox Series X|S', 'release_date': '2026'}]}"
3857430,Interdimensional Vending Machine,1785,Indie,"Single-player, Family Sharing",Indie,Horror,nextfest february 2026,True,,"17 Jun, 2026",2026-06-17T00:00:00,,0,0,,NEUROTICFLY GAMES,True,"NEUROTICFLY GAMES, HoruBrain","{'original_release_date': 'Q3 2026', 'original_platforms': ['PC (Microsoft Windows)'], 'ports': []}"
4429870,There's Nothing Down There,1202,"Adventure, Indie","Single-player, Steam Achievements, Full controller support, Family Sharing","Adventure, Indie",Horror,"short game, submarine, underwater",True,,"4 Jun, 2026",2026-06-04T00:00:00,https://www.youtube.com/watch?v=tgG8C9Ak8Ug,176752,4509,,Tim Trankle,True,Tim Trankle,"{'original_release_date': 'Jun 04, 2026', 'original_platforms': ['PC (Microsoft Windows)'], 'ports': []}"
1805110,Solarpunk?,71688,"Adventure, Indie, Simulation","Single-player, Multi-player, Co-op, Online Co-op, Steam Achievements, Family Sharing","Adventure, Indie, Simulator","Sandbox, Survival",nextfest february 2025,True,Solarpunk,"8 Jun, 2026",2026-06-08T00:00:00,https://www.youtube.com/watch?v=7Zhfg938Bt8,3070,77,,Cyberwave,True,rokaplay,"{'original_release_date': 'Jun 08, 2026', 'original_platforms': ['Nintendo Switch 2', 'PC (Microsoft Windows)', 'PlayStation 5', 'Xbox Series X|S'], 'ports': []}"
2169930,R-Type Tactics I ? II Cosmos,1975,"Simulation, Strategy","Single-player, Steam Achievements, Full controller support, Family Sharing","Strategy, Turn-based strategy (TBS)","Action, Science fiction",crowdfunding - kickstarter,True,R-Type Tactics I • II Cosmos,"18 Jun, 2026",2026-06-18T00:00:00,https://www.youtube.com/watch?v=epUrw_1-41s,512,1,,Granzella Inc.,True,"NIS America, Inc.","{'original_release_date': 'Mar 12, 2026', 'original_platforms': ['Nintendo Switch', 'PlayStation 4', 'PlayStation 5', 'Xbox Series X|S'], 'ports': [{'platform': 'Nintendo Switch', 'release_date': 'Jun 18, 2026'}, {'platform': 'PC (Microsoft Windows)', 'release_date': 'Jun 18, 2026'}, {'platform': 'PlayStation 4', 'release_date': 'Jun 18, 2026'}, {'platform': 'PlayStation 5', 'release_date': 'Jun 18, 2026'}, {'platform': 'Xbox Series X|S', 'release_date': 'Jun 18, 2026'}]}"
2679100,Witchspire,21643,"Adventure, RPG, Early Access","Single-player, Multi-player, Co-op, Online Co-op, Steam Achievements, Custom Volume Controls, Adjustable Difficulty, Playable without Timed Input, Save Anytime, Stereo Sound, Subtitle Options, Partial Controller Support, Steam Cloud, Family Sharing","Adventure, Role-playing (RPG)","Fantasy, Open world, Sandbox, Survival",open world survival craft,True,,"10 Jun, 2026",2026-06-10T00:00:00,https://www.youtube.com/watch?v=ZUwe2bTmQ2U,12489,382,,Envar Games,True,Envar Games,"{'original_release_date': 'Jun 10, 2026', 'original_platforms': ['PC (Microsoft Windows)'], 'ports': []}"
3681780,WinMon,2871,,"Single-player, Steam Achievements, Custom Volume Controls, Keyboard Only Option, Mouse Only Option, Save Anytime, Family Sharing",Indie,,,True,Tiny Gunmon,"1 Jun, 2026",2026-06-01T00:00:00,https://www.youtube.com/watch?v=vib-tA5BDDc,783,17,,IndieLab,True,"IndieLab, Ngoc",{}
247970,Korea. IL-2 Series,3170,"Action, Simulation, Strategy","Single-player, Multi-player, PvP, Online PvP, Co-op, Online Co-op, Full controller support, VR Supported, Camera Comfort, Adjustable Difficulty, Playable without Timed Input, Stereo Sound, Surround Sound, Includes level editor, HDR available, Family Sharing",,,,True,,Q2 2026,2026-06-30T00:00:00,,0,0,, 1C Game Studios,True,FOR-GAMES CR LTD,{}
672890,Sparkball,2330,"Action, Adventure, Indie, Sports, Strategy, Free To Play","Multi-player, PvP, Online PvP, Co-op, Online Co-op, Steam Achievements, In-App Purchases, Partial Controller Support, Stats, Family Sharing","Adventure, Hack and slash/Beat 'em up, Indie, MOBA, Sport, Strategy","Action, Comedy, Science fiction","brawler, esport, football, soccer",True,Circuits and Shields,Q2 2026,2026-06-30T00:00:00,https://www.youtube.com/watch?v=yDJhxJCQ1XY,597,114,,Opti Games,True,Opti Games,"{'original_release_date': 'Q2 2026', 'original_platforms': ['PC (Microsoft Windows)'], 'ports': []}"
1091870,Theropods,1564,Adventure,"Single-player, Family Sharing","Adventure, Point-and-click, Puzzle",,"alien protagonist, dinosaurs, female protagonist, graphic adventure, nextfest june 2025, pixel art, pixel art game, pixel graphics, pixelated, retro graphics",True,Theropods,June 2026,2026-06-30T00:00:00,https://www.youtube.com/watch?v=jGD90I1uH9U,45606,3158,,Lost Token,True,Dionous Games,"{'original_release_date': 'Jul 23, 2026', 'original_platforms': ['Mac', 'PC (Microsoft Windows)'], 'ports': []}"
1167820,Airport Contraband,4964,"Casual, Indie, Simulation","Single-player, Steam Achievements, Partial Controller Support, Steam Cloud, Family Sharing","Indie, Simulator",Action,"airport management, job simulator, roguelike",True,Airport Contraband,Q2 2026,2026-06-30T00:00:00,https://www.youtube.com/watch?v=MeK3hw1DXoM,8222,65,,"DRAGO entertainment, Titanite Games S.A.",True,DRAGO entertainment,"{'original_release_date': 'Q2 2026', 'original_platforms': ['PC (Microsoft Windows)'], 'ports': []}"
1444080,Dewdrop Dynasty,1790,"Action, Adventure, Indie","Single-player, Steam Achievements, Full controller support, Family Sharing","Adventure, Indie, Platform","Action, Comedy, Fantasy","controller support, crab, dinosaurs, exploration, family friendly, insects, metroidvania, pixel graphics",True,Dewdrop Dynasty,June 2026,2026-06-30T00:00:00,https://www.youtube.com/watch?v=BZx9IgNk2s4,16803,445,,Goodgis,True,Firith Studio,"{'original_release_date': 'Jul 21, 2026', 'original_platforms': ['Linux', 'PC (Microsoft Windows)'], 'ports': []}"
1473260,Black Gold: Oil Drilling Simulator,3434,"Action, Indie, Simulation","Single-player, Steam Achievements, Family Sharing",,,,True,"Black Gold -Wild West Simulator, Expand & Build your Company",Q2 2026,2026-06-30T00:00:00,,0,0,,CreativeForge Games,True,CreativeForge Games,{}
1620420,Redemption of the Damned,5769,"Action, Adventure, Indie","Single-player, Family Sharing","Adventure, Indie","Action, Horror","monsters, mythology",True,Redemption of the Damned,Q2 2026,2026-06-30T00:00:00,https://www.youtube.com/watch?v=m98y_iqkQ9U,2320,42,,MIROWIN,True,Blowfish Studios,"{'original_release_date': 'Q2 2026', 'original_platforms': ['PC (Microsoft Windows)'], 'ports': []}"
1648360,Luminary,4636,"Action, Adventure, Indie, RPG, Early Access","Single-player, Multi-player, Co-op, Online Co-op, Steam Achievements, Full controller support, Steam Cloud, Family Sharing","Adventure, Indie, Role-playing (RPG)","Action, Open world",cross-platform multiplayer,True,Luminary,Q2 2026,2026-06-30T00:00:00,,0,0,,Refractive Entertainment,True,Refractive Entertainment,"{'original_release_date': 'Q2 2026', 'original_platforms': ['PC (Microsoft Windows)'], 'ports': []}"
1742440,COP BASTARD,2250,"Action, Indie","Single-player, Steam Achievements, Custom Volume Controls, Stereo Sound, Family Sharing","Indie, Shooter","Action, Horror","crime, gore, looter, pvp, retro, violent",True,Cop Bastard,Q2 2026,2026-06-30T00:00:00,https://www.youtube.com/watch?v=QlpNUxtGFCw,366,25,,targim.,True,targim.,{}
1818660,Kalyskah,6117,"Action, Adventure, Indie, RPG, Early Access","Single-player, Steam Achievements, Full controller support, Family Sharing","Adventure, Indie, Role-playing (RPG)","Action, Erotic, Fantasy, Open world, Romance, Stealth","ancient civilization, combat, exploration, nudity, sexual content, vampire",True,Kalyskah,Q2 2026,2026-06-30T00:00:00,https://www.youtube.com/watch?v=3NmyRpOGM1Y,26934,116,,Nobre Lobo,True,Nobre Lobo,{}
1845250,Rubinite,18126,"Action, Indie, RPG","Single-player, Full controller support, Family Sharing","Indie, Role-playing (RPG)","Action, Fantasy",female protagonist,True,Rubinite,Q2 2026,2026-06-30T00:00:00,https://www.youtube.com/watch?v=WlKHtBKE_x0,8119,397,,"Cup Dog Games, GameWorks Ventures",True,Cup Dog Games,"{'original_release_date': 'Jul 23, 2026', 'original_platforms': ['Mac', 'PC (Microsoft Windows)'], 'ports': []}"
1897450,U-Boot: The Board Game - Digital Edition,1385,"Indie, Simulation, Strategy","Single-player, Family Sharing","Card & Board Game, Indie, Simulator, Strategy",,"free demo, nextfest june 2025",True,U-Boot: The Board Game - Digital Edition,Q2 2026,2026-06-30T00:00:00,https://www.youtube.com/watch?v=N1LfWsK-KxU,1756,40,,"G11 S.A., OUT OF THE ORDINARY",True,"G11 S.A., PlayWay S.A.","{'original_release_date': 'Q1 2026', 'original_platforms': ['PC (Microsoft Windows)'], 'ports': []}"
1936310,Sugoi Adventure! DragonSlayer,1928,"Adventure, RPG, Simulation","Single-player, Steam Achievements, Family Sharing","Adventure, Role-playing (RPG), Simulator",,,True,Sugoi Adventure! DragonSlayer,June 2026,2026-06-30T00:00:00,,0,0,,Nupu Neko Dev,True,Nupu Neko Dev,"{'original_release_date': 'May 2026', 'original_platforms': ['Linux', 'Mac', 'PC (Microsoft Windows)'], 'ports': []}"
1996090,Vapor World: Over The Mind,5311,"Action, Adventure, Indie, RPG, Free To Play, Early Access","Single-player, Steam Achievements, Full controller support, Custom Volume Controls, Adjustable Difficulty, Keyboard Only Option, Playable without Timed Input, Save Anytime, Stereo Sound, Subtitle Options, Family Sharing","Adventure, Indie, Role-playing (RPG)","Action, Sandbox",,True,Vapor World: Over The Mind,Q2 2026,2026-06-30T00:00:00,https://www.youtube.com/watch?v=DKiYb-e6Jqs,15156,130,,ALIVE Inc.,True,"ALIVE Inc., Boltray Games","{'original_release_date': 'Jun 2026', 'original_platforms': ['Nintendo Switch', 'PC (Microsoft Windows)', 'PlayStation 5', 'Xbox Series X|S'], 'ports': []}"
2201470,Remnant Protocol,5228,"Action, Indie, Simulation, Strategy, Early Access","Single-player, Full controller support, Tracked Controller Support, VR Supported, Family Sharing","Indie, Simulator, Strategy",Action,vr experience,True,Remnant Protocol,Q2 2026,2026-06-30T00:00:00,https://www.youtube.com/watch?v=63jWHXnFFXE,21714,75,,Progenitor Game Studios Ltd.,True,Progenitor Game Studios Ltd.,"{'original_release_date': 'Mar 2026', 'original_platforms': ['PC (Microsoft Windows)', 'SteamVR'], 'ports': []}"
2223980,Nomad Drive,4247,"Adventure, Casual, Indie, Simulation, Free To Play, Early Access","Single-player, Multi-player, Co-op, Online Co-op, Steam Achievements, Full controller support, Camera Comfort, Custom Volume Controls, Keyboard Only Option, Save Anytime, Stereo Sound, Subtitle Options, Surround Sound, Steam Cloud, Remote Play Together, Family Sharing","Adventure, Indie, Simulator",Action,,True,Nomad Drive,Q2 2026,2026-06-30T00:00:00,,0,0,,Indie Devil,True,Indie Devil,"{'original_release_date': 'Q2 2026', 'original_platforms': ['Linux', 'PC (Microsoft Windows)'], 'ports': []}"
2251220,High Times - Dating/Cooking Sim,1703,"Casual, Indie, Simulation","Single-player, Custom Volume Controls, Stereo Sound, Subtitle Options, Partial Controller Support, Family Sharing","Indie, Role-playing (RPG), Simulator",,,True,High Times - Dating/Cooking Sim,Q2 2026,2026-06-30T00:00:00,https://www.youtube.com/watch?v=R4ESreocbf4,3848,82,,Yangyang Mobile,True,Yangyang Mobile,"{'original_release_date': 'Jul 23, 2026', 'original_platforms': ['Mac', 'PC (Microsoft Windows)'], 'ports': []}"
2304360,Mainland,2544,"Action, Indie, Massively Multiplayer, RPG, Simulation, Strategy","Single-player, Multi-player, Co-op, Online Co-op, Family Sharing","Indie, Role-playing (RPG), Simulator, Strategy",Action,,True,Mainland,Q2 2026,2026-06-30T00:00:00,,0,0,,AddRaiser,True,AddRaiser,"{'original_release_date': 'Q2 2026', 'original_platforms': ['PC (Microsoft Windows)'], 'ports': []}"
2378230,Neo Junk City,3513,"Action, Adventure, Indie, RPG","Single-player, Steam Achievements, Custom Volume Controls, Playable without Timed Input, Save Anytime, Stereo Sound, Subtitle Options, Family Sharing","Adventure, Indie, Point-and-click, Role-playing (RPG)","Action, Science fiction","androids, cyberpunk, detective, nextfest february 2025, pixel art",True,Neo Junk City,Q2 2026,2026-06-30T00:00:00,https://www.youtube.com/watch?v=aM4X9gegrDI,8207,170,,Starblade Games,True,Starblade Games,"{'original_release_date': 'Q3 2026', 'original_platforms': ['PC (Microsoft Windows)'], 'ports': []}"
2387670,As One We Survive,15742,"Action, Simulation, Early Access","Single-player, Family Sharing","Shooter, Simulator","Action, Open world, Survival","3d, base building, colony simulator, combat, crafting, immersive sim, open world survival craft, post-apocalyptic, simulation, stylized, top down shooter",True,,Q2 2026,2026-06-30T00:00:00,https://www.youtube.com/watch?v=WPG10MCvyZk,14928,541,,Revelation Games LLC,True,Revelation Games LLC,"{'original_release_date': 'Q2 2026', 'original_platforms': ['PC (Microsoft Windows)'], 'ports': []}"
2417470,Beastro,2921,"Casual, Indie, RPG","Single-player, Steam Achievements, Full controller support, Steam Cloud, Family Sharing","Indie, Role-playing (RPG)",,,True,,"11 Jun, 2026",2026-06-11T00:00:00,https://www.youtube.com/watch?v=fZ3NM3hZD1Y,247470,18978,,Timberline Studio,True,"Timberline Studio, Kepler Ghost","{'original_release_date': 'Jun 11, 2026', 'original_platforms': ['PC (Microsoft Windows)', 'PlayStation 4', 'PlayStation 5', 'Xbox One', 'Xbox Series X|S'], 'ports': []}"
2458980,Dimhaven - The Lost Source,3978,"Adventure, Indie","Single-player, Full controller support, Family Sharing","Adventure, Indie, Puzzle",Mystery,,True,Dimhaven Enigmas,Q2 2026,2026-06-30T00:00:00,https://www.youtube.com/watch?v=rFF7Du8n7Dg,79776,145,,Zadbox Entertainment,True,"Blue Brain Games, Zadbox Entertainment","{'original_release_date': 'Q2 2026', 'original_platforms': ['Linux', 'Mac', 'PC (Microsoft Windows)', 'PlayStation 5', 'Xbox Series X|S'], 'ports': []}"
2556470,Fantastic Haven,8408,"Indie, Simulation, Strategy","Single-player, Steam Achievements, Steam Workshop, Stats, Family Sharing","Indie, Simulator, Strategy",Fantasy,,True,Fantastic Haven,Q2 2026,2026-06-30T00:00:00,https://www.youtube.com/watch?v=ce8aAG7YkpI,10374,255,,Piece of Cake Fabulous,True,Goblinz Publishing,"{'original_release_date': 'Q2 2026', 'original_platforms': ['Linux', 'Mac', 'PC (Microsoft Windows)'], 'ports': []}"
2620450,Highreach,3420,"Action, Indie, RPG, Simulation, Early Access","Single-player, Multi-player, Co-op, Online Co-op, Cross-Platform Multiplayer, Steam Achievements, Full controller support, Captions available, Color Alternatives, Custom Volume Controls, Playable without Timed Input, Save Anytime, Stereo Sound, Subtitle Options, Surround Sound, Steam Cloud, HDR available, Family Sharing","Indie, Role-playing (RPG), Simulator",Action,,True,Highreach (prev. Riven Realms),Q2 2026,2026-06-30T00:00:00,,0,0,,VestGames,True,VestGames,"{'original_release_date': 'Q1 2026', 'original_platforms': ['Linux', 'PC (Microsoft Windows)'], 'ports': []}"
2637210,Flow Of War,1059,Strategy,"Single-player, Family Sharing",Strategy,,,True,Flow Of War,Q2 2026,2026-06-30T00:00:00,,0,0,,Rongcon Games,True,Rongcon Games,"{'original_release_date': 'Q1 2026', 'original_platforms': ['PC (Microsoft Windows)'], 'ports': []}"
2646720,Dead Weight,8109,"Adventure, Indie, RPG, Strategy","Single-player, Family Sharing","Indie, Visual Novel","Drama, Mystery","multiple endings, winter",True,Dead Weight,Q2 2026,2026-06-30T00:00:00,https://www.youtube.com/watch?v=A1_oCjFr8FE,245,8,,Klukva Games,True,"Klukva Games, Spaghetti Cat","{'original_release_date': 'Dec 31, 2024', 'original_platforms': ['Android', 'Linux', 'Mac', 'PC (Microsoft Windows)', 'Web browser'], 'ports': []}"
2651410,The Endless Abyss: A Busty Cop?s Corrupted Soul,8232,"Casual, RPG","Single-player, Family Sharing",,,,True,The Endless Abyss: A Busty Cop’s Corrupted Soul,Q2 2026,2026-06-30T00:00:00,,0,0,,GiraffeLiam,True,"Playmeow, ACG creator, Playmeow News",{}
2665250,Rancher: A new life,3175,"Casual, Indie, Simulation","Single-player, Multi-player, Co-op, LAN Co-op, Steam Achievements, Full controller support, Custom Volume Controls, Playable without Timed Input, Save Anytime, Stereo Sound, Surround Sound, Steam Cloud, Remote Play Together, Family Sharing","Indie, Simulator",,,True,Rancher: A new life,June 2026,2026-06-30T00:00:00,,0,0,,Sim Farm S.A.,True,"Sim Farm S.A., PlayWay S.A.","{'original_release_date': 'Jun 2026', 'original_platforms': ['PC (Microsoft Windows)'], 'ports': []}"
2680280,PAPERHEAD,6256,"Action, Indie","Single-player, Steam Achievements, Full controller support, Steam Cloud, Family Sharing","Indie, Shooter",Action,,True,PAPERHEAD,Q2 2026,2026-06-30T00:00:00,https://www.youtube.com/watch?v=DqdjcF__d9A,28760,916,,Paperhead te4m,True,HypeTrain Digital,"{'original_release_date': 'Sep 18, 2026', 'original_platforms': ['PC (Microsoft Windows)', 'PlayStation 5', 'Xbox Series X|S'], 'ports': []}"
2688960,Eternity's Echo: Patient Zero,1611,"Action, Adventure, Indie","Single-player, Steam Achievements, Full controller support, Family Sharing","Adventure, Indie","Action, Horror, Science fiction, Stealth, Thriller","ancient advanced civilization technology, cosmic horror",True,Eternity's Echo: Patient Zero,Q2 2026,2026-06-30T00:00:00,https://www.youtube.com/watch?v=2gyDHfHTPu0,1486,31,,Demonsoft Games,True,Demonsoft Games,{}
2710040,Delverium,5036,"Action, Adventure, Indie, RPG","Single-player, Multi-player, Co-op, Online Co-op, Shared/Split Screen Co-op, Shared/Split Screen, Full controller support, Steam Cloud, Remote Play Together, Family Sharing","Adventure, Indie","Action, Survival","farming simulator, open world survival craft",True,,Q2 2026,2026-06-30T00:00:00,https://www.youtube.com/watch?v=pDftukuBVP4,15238,145,,Sagestone Games,True,Sagestone Games,"{'original_release_date': 'Q2 2026', 'original_platforms': ['PC (Microsoft Windows)'], 'ports': []}"
2805850,Atre: Dominance Wars,5239,"Simulation, Strategy","Single-player, Multi-player, PvP, Online PvP, Co-op, Online Co-op, Steam Achievements, Camera Comfort, Color Alternatives, Custom Volume Controls, Adjustable Difficulty, Mouse Only Option, Playable without Timed Input, Save Anytime, Subtitle Options, Includes level editor, Family Sharing","Real Time Strategy (RTS), Role-playing (RPG), Simulator, Strategy","4X (explore, expand, exploit, and exterminate), Fantasy, Warfare","god game, magic, procedurally generated",True,Atre: Dominance Wars,Q2 2026,2026-06-30T00:00:00,https://www.youtube.com/watch?v=rjbk24HNHOs,13514,160,,Ironward,True,Ironward,"{'original_release_date': 'Jun 08, 2026', 'original_platforms': ['PC (Microsoft Windows)'], 'ports': []}"
2828020,Citystate Metropolis,35527,"Simulation, Strategy, Early Access","Single-player, Steam Achievements, Steam Workshop, Family Sharing","Indie, Simulator, Strategy",Sandbox,"city builder, economy, political simulation",True,,Q2 2026,2026-06-30T00:00:00,https://www.youtube.com/watch?v=Gf5yAfi96HM,735838,32516,,Andy Sztark,True,Andy Sztark,"{'original_release_date': 'Q2 2026', 'original_platforms': ['PC (Microsoft Windows)'], 'ports': []}"
2859100,The Adventures of HILLS,3099,"Adventure, Casual, RPG","Single-player, Color Alternatives, Custom Volume Controls, Keyboard Only Option, Mouse Only Option, Playable without Timed Input, Save Anytime, Stereo Sound, Family Sharing","Adventure, Arcade, Racing","Action, Kids",,True,The Adventures of HILLS,Q2 2026,2026-06-30T00:00:00,https://www.youtube.com/watch?v=tudmtSeJ4ew,107149,3059,,PantyParrot,True,"Mango Party, PantyParrot, Mango Party News","{'original_release_date': 'Jan 10, 2023', 'original_platforms': ['Android'], 'ports': [{'platform': 'Android', 'release_date': 'May 30, 2024'}, {'platform': 'iOS', 'release_date': 'May 30, 2024'}]}"
2866670,NBA THE RUN,4136,Sports,"Multi-player, PvP, Online PvP, Cross-Platform Multiplayer, Steam Achievements, Full controller support, Family Sharing","Arcade, Sport",Non-fiction,"based on - real people, basketball, licensed game, national basketball association, nba, street basketball, street sports",True,The Run: Got Next,June 2026,2026-06-30T00:00:00,https://www.youtube.com/watch?v=Fu3O8dC4g6s,30234,505,,Play by Play Studios,True,Play by Play Studios,"{'original_release_date': 'Jun 09, 2026', 'original_platforms': ['PC (Microsoft Windows)', 'PlayStation 5', 'Xbox Series X|S'], 'ports': []}"
2895680,"Below, Rusted Gods",1470,"Action, Adventure, Indie, Simulation","Single-player, Steam Achievements, Steam Cloud, Family Sharing","Adventure, Indie","Action, Horror","demons, psychological horror, realism",True,"Below, Rusted Gods",Q2 2026,2026-06-30T00:00:00,https://www.youtube.com/watch?v=rvoNsFLI5Io,6870,81,,FromSouthGames,True,FromSouthGames,"{'original_release_date': 'Q2 2026', 'original_platforms': ['PC (Microsoft Windows)'], 'ports': []}"
2913610,"What Awaits, Aleksey?",1441,Indie,"Single-player, Steam Achievements, Captions available, Family Sharing","Adventure, Indie, Point-and-click, Puzzle",,,True,"What Awaits, Aleksey?",Q2 2026,2026-06-30T00:00:00,https://www.youtube.com/watch?v=YzXdYWcnMeM,59,2,,JKBC,True,JKBC,"{'original_release_date': 'Q2 2026', 'original_platforms': ['Linux', 'Mac', 'PC (Microsoft Windows)'], 'ports': []}"
2925520,AOKAKI,1127,"Action, Adventure, Indie","Single-player, Steam Achievements, Full controller support, Steam Cloud, Family Sharing","Adventure, Indie, Platform",Action,,True,AOKAKI,Q2 2026,2026-06-30T00:00:00,https://www.youtube.com/watch?v=QtyCR_jx2x0,934,54,,Concha Indigo,True,Minicactus Games,"{'original_release_date': 'Q2 2026', 'original_platforms': ['PC (Microsoft Windows)'], 'ports': []}"
2957880,Witch Potions - Craft of Lust,1981,"Adventure, Early Access","Single-player, Steam Achievements, Captions available, Steam Cloud, Family Sharing",,,,True,Witch Potions - Craft of Lust,Q2 2026,2026-06-30T00:00:00,,0,0,,LovePotion,True,LovePotion,{}
2962400,Operation Darkside,1056,"Adventure, RPG, Strategy","Single-player, Steam Cloud, Family Sharing",,,,True,,Q2 2026,2026-06-30T00:00:00,,0,0,,ダークネスLAB,True,"Mango Party, Mango Party News",{}
2967950,The Witch's Bakery,7937,"Adventure, Indie, RPG, Simulation","Single-player, Full controller support, Family Sharing","Adventure, Indie, Puzzle, Role-playing (RPG), Simulator","Business, Fantasy","crowdfunding - kickstarter, nextfest february 2026",True,The Witch's Bakery,Q2 2026,2026-06-30T00:00:00,https://www.youtube.com/watch?v=zQsTpO9LKVo,86518,5541,,Sunny Lab,True,Silver Lining Interactive,"{'original_release_date': 'Aug 2026', 'original_platforms': ['Nintendo Switch', 'Nintendo Switch 2', 'PC (Microsoft Windows)', 'PlayStation 5', 'Xbox Series X|S'], 'ports': []}"
2986590,HYPNOSYNC,1316,"Action, Indie, Simulation, Free To Play","Single-player, In-App Purchases, Adjustable Difficulty, Save Anytime, Stereo Sound, Partial Controller Support","Indie, Simulator",Action,,True,,Q2 2026,2026-06-30T00:00:00,,0,0,,BASED KICK,True,BASED KICK,{}
2994190,Money Simulator,1763,"Casual, Indie, Simulation","Single-player, Family Sharing",Simulator,"Business, Sandbox","life simulation, realistic",True,Money Simulator,June 2026,2026-06-30T00:00:00,,0,0,,Organica Games,True,PlayWay S.A.,"{'original_release_date': 'Q1 2026', 'original_platforms': ['PC (Microsoft Windows)'], 'ports': []}"
3009300,Teamfight Manager 2,10488,"Casual, Indie, Simulation, Sports, Early Access","Single-player, Multi-player, PvP, Online PvP, Cross-Platform Multiplayer, Steam Achievements, Steam Cloud, Family Sharing","Indie, MOBA, Simulator, Sport",,"cross-platform multiplayer, esport, esports, management, nextfest october 2025, pixel art, pixel graphics, steam achievements, steam cloud, steam workshop",True,Teamfight Manager 2,Q2 2026,2026-06-30T00:00:00,https://www.youtube.com/watch?v=E6KRdWa7g2g,23561,895,,Team Samoyed,True,Team Samoyed,"{'original_release_date': 'May 26, 2026', 'original_platforms': ['Linux', 'Mac', 'PC (Microsoft Windows)'], 'ports': []}"
3072120,Backrooms Lost Runners,1220,"Action, Adventure, Indie","Single-player, Multi-player, Co-op, Online Co-op, Family Sharing","Adventure, Indie",Action,,True,Backrooms Lost Runners,Q2 2026,2026-06-30T00:00:00,https://www.youtube.com/watch?v=tPSa6ZTvbeI,277,15,,ShimStudioGames,True,ShimStudioGames,{}
3075410,Hordes of Fate : A Hand of Fate Adventure,1868,"Action, Adventure, Indie","Single-player, Full controller support, Steam Cloud, Family Sharing","Adventure, Indie, Shooter",Action,,True,Hand of Fate: Survivor,Q2 2026,2026-06-30T00:00:00,https://www.youtube.com/watch?v=FqFMhr0E88o,3859,110,,Spitfire Interactive,True,Spicy Koala,"{'original_release_date': 'Q2 2026', 'original_platforms': ['Linux', 'Mac', 'PC (Microsoft Windows)'], 'ports': []}"
3100310,Arms of God,4392,"Action, Casual, Indie, RPG, Early Access","Single-player, Steam Achievements, Full controller support, Stats, Family Sharing","Hack and slash/Beat 'em up, Indie, Role-playing (RPG)","Action, Fantasy, Science fiction","bullet heaven, bullet hell, roguelite",True,Arms of God,"Jun 8, 2026",2026-06-08T00:00:00,https://www.youtube.com/watch?v=sf3DToypnvI,623,22,,Dark Jay Studio,True,"Dark Jay Studio, Galaktus","{'original_release_date': 'Jun 08, 2026', 'original_platforms': ['PC (Microsoft Windows)'], 'ports': []}"
3116500,Summer at Smile Café,1509,"Casual, Indie, RPG","Single-player, Family Sharing",,,,True,,Q2 2026,2026-06-30T00:00:00,,0,0,,山嵐娛樂,True,"Mango Party, Mango Party News",{}
3180340,RIG Riot,2378,Action,"Single-player, Full controller support, Camera Comfort, Custom Volume Controls, Adjustable Difficulty, Playable without Timed Input, Stereo Sound, Family Sharing","Indie, Shooter","Action, Survival",,True,,June 2026,2026-06-30T00:00:00,https://www.youtube.com/watch?v=RAuYxGm6104,1918,148,,Sage Boatman,True,Sage Boatman,"{'original_release_date': 'May 2026', 'original_platforms': ['PC (Microsoft Windows)'], 'ports': []}"
3296990,Fearwoods,1413,"Action, Adventure, Indie, Early Access","Single-player, Multi-player, Co-op, Online Co-op, Family Sharing","Adventure, Indie","Action, Horror","logic puzzle, online co-op, steam, story dlc",True,,Q2 2026,2026-06-30T00:00:00,https://www.youtube.com/watch?v=TWy9MrgEJMc,18,0,,Fearwoods,True,GrabTheGames,"{'original_release_date': 'Q2 2026', 'original_platforms': ['PC (Microsoft Windows)'], 'ports': []}"
3324250,????,1497,"Action, Adventure, Casual, Indie, RPG, Simulation, Strategy","Single-player, Steam Achievements, Custom Volume Controls, Playable without Timed Input, Save Anytime, Steam Cloud, Family Sharing",,,,True,星际领主,June 2026,2026-06-30T00:00:00,,0,0,,Dark Dimension,True,量子艺界(QUANTUM ARTS),{}
3333190,Road Truckers: New Beginning,1963,"RPG, Simulation","Single-player, Steam Achievements, Full controller support, Captions available, Camera Comfort, Color Alternatives, Custom Volume Controls, Playable without Timed Input, Save Anytime, Stereo Sound, Subtitle Options, Surround Sound, Steam Cloud, Family Sharing","Indie, Role-playing (RPG), Simulator","Business, Open world","cozy, life simulation, truck simulator, trucks",True,,Q2 2026,2026-06-30T00:00:00,https://www.youtube.com/watch?v=hb9biVh1nu8,98095,123,,Road Studio S.A.,True,Feel Good Games,"{'original_release_date': 'Q2 2026', 'original_platforms': ['PC (Microsoft Windows)', 'PlayStation 5'], 'ports': []}"
3337380,Tabletop Tavern,7006,Strategy,"Single-player, Steam Achievements, Camera Comfort, Custom Volume Controls, Adjustable Difficulty, Mouse Only Option, Playable without Timed Input, Stereo Sound, Steam Cloud, Stats, Family Sharing","Indie, Real Time Strategy (RTS), Strategy",Fantasy,rougelike,True,Tabletop Tavern,Q2 2026,2026-06-30T00:00:00,https://www.youtube.com/watch?v=Y_Y4bJW8rtk,105693,3679,,TJ,True,"Frostbloom, Gamirror Games","{'original_release_date': 'Mar 2026', 'original_platforms': ['PC (Microsoft Windows)'], 'ports': []}"
3394840,Clawed,9251,"Action, Adventure","Single-player, Multi-player, Co-op, Online Co-op, Full controller support, Family Sharing",Adventure,Action,free demo,True,Clawed,Q2 2026,2026-06-30T00:00:00,https://www.youtube.com/watch?v=foD2SJILYlc,2965,94,,Flatrock Games,True,Flatrock Games,"{'original_release_date': 'Q2 2026', 'original_platforms': ['PC (Microsoft Windows)'], 'ports': []}"
3396290,Puni the Florist,1974,"Casual, Indie, Simulation","Single-player, Steam Achievements, Full controller support, Steam Cloud, Stats, Family Sharing","Indie, Simulator",,"controller support, flowers, steam cloud",True,,"8 Jun, 2026",2026-06-08T00:00:00,,0,0,,Earthquack Games,True,Earthquack Games,{}
3400030,Match! The 12 CZ Wars,1231,"Casual, Indie, RPG, Strategy","Single-player, Steam Achievements, Steam Workshop, Camera Comfort, Custom Volume Controls, Adjustable Difficulty, Mouse Only Option, Playable without Timed Input, Save Anytime, Steam Cloud, Steam Leaderboards, Family Sharing","Indie, Role-playing (RPG), Strategy",Fantasy,"chinese zodiac, match 3, nextfest october 2025, roguelike",True,CZ Wars,June 2026,2026-06-30T00:00:00,https://www.youtube.com/watch?v=xWDWFcRwYz4,7,0,,CorvusCorax Studio,True,"CorvusCorax Studio, YuetteGames","{'original_release_date': 'Jun 12, 2026', 'original_platforms': ['PC (Microsoft Windows)'], 'ports': []}"
3413800,Hotel Tales,6277,"Adventure, Casual, RPG","Single-player, Family Sharing","Adventure, Role-playing (RPG)",Erotic,,True,Hotel Tales,Q2 2026,2026-06-30T00:00:00,,0,0,,TopHouse Studio,True,TopHouse Publishing,"{'original_release_date': 'Q2 2026', 'original_platforms': ['PC (Microsoft Windows)'], 'ports': []}"
3539320,Scribble Wolf,1184,"Casual, Indie, RPG, Strategy","Multi-player, PvP, Online PvP, Co-op, Online Co-op, Steam Cloud, Stats, Family Sharing","Indie, Role-playing (RPG), Strategy",,,True,Scribble Wolf,Q2 2026,2026-06-30T00:00:00,,0,0,,Kintendo,True,Kintendo,"{'original_release_date': 'May 01, 2025', 'original_platforms': ['Mac', 'PC (Microsoft Windows)'], 'ports': [{'platform': 'Mac', 'release_date': 'Q1 2026'}, {'platform': 'PC (Microsoft Windows)', 'release_date': 'Q1 2026'}]}"
3583670,Where the forest ends,1652,"Action, Adventure","Single-player, Full controller support, Family Sharing",Adventure,"Action, Horror",nextfest october 2025,True,,Q2 2026,2026-06-30T00:00:00,,0,0,,MonkeyBassGames,True,MonkeyBassGames,"{'original_release_date': 'May 31, 2026', 'original_platforms': ['PC (Microsoft Windows)'], 'ports': []}"
3613050,Gravebound,1141,"Action, Early Access","Multi-player, PvP, Online PvP, Co-op, Online Co-op, Full controller support, Family Sharing","Adventure, Arcade, Indie","Action, Horror","action roguelike, arena shooter, dark fantasy, endless mode, rougelite, undead",True,Gravebound,Q2 2026,2026-06-30T00:00:00,,0,0,,Crater Studios,True,Crater Studios,"{'original_release_date': 'Jun 05, 2025', 'original_platforms': ['PC (Microsoft Windows)'], 'ports': []}"
3628950,Succubus Successor: Delilah's Juicy Journey,2994,"Action, Adventure, Indie","Single-player, Steam Achievements, Full controller support, Adjustable Difficulty, Keyboard Only Option, Playable without Timed Input, Stereo Sound, Steam Cloud, Stats, Family Sharing",,,,True,,Q2 2026,2026-06-30T00:00:00,,0,0,,"Ramen Cat Studio, 樹画祭",True, Hide Games,{}
3633120,God's Blessing On That Desire World!,2603,"Casual, Indie, RPG","Single-player, Steam Achievements, Family Sharing","Adventure, Visual Novel",Action,"anime, based on - anime",True,God's Blessing On That Desire World!,Q2 2026,2026-06-30T00:00:00,https://www.youtube.com/watch?v=FsT0X4Op8ks,59206,551,,Summer Clouds（夏雲）,True," Playmeow, Playmeow News","{'original_release_date': 'Sep 24, 2020', 'original_platforms': ['Nintendo Switch', 'PlayStation 4'], 'ports': [{'platform': 'PC (Microsoft Windows)', 'release_date': 'Feb 07, 2024'}, {'platform': 'Nintendo Switch', 'release_date': 'Feb 08, 2024'}, {'platform': 'PlayStation 4', 'release_date': 'Feb 08, 2024'}]}"
3645320,Succupie: An Erotic Short Story,1342,"Casual, Indie, Simulation","Single-player, Full controller support, Family Sharing",,,,True,Succupie: An Erotic Short Story,Q2 2026,2026-06-30T00:00:00,,0,0,,Milk Cartel,True,Milk Cartel,{}
3708070,Campsite Hustle! - Management Simulator,1258,"Indie, Simulation, Early Access","Single-player, Camera Comfort, Custom Volume Controls, Keyboard Only Option, Mouse Only Option, Save Anytime, Stereo Sound, Surround Sound, Family Sharing",,,,True,,"2 Jun, 2026",2026-06-02T00:00:00,,0,0,,Red Shore Games,True,Red Shore Games,{}
3709430,Witch's Apocalyptic Journey,2404,"Indie, RPG, Strategy","Single-player, Multi-player, Co-op, Online Co-op, Steam Workshop, Custom Volume Controls, Adjustable Difficulty, Mouse Only Option, Playable without Timed Input, Stereo Sound, Touch Only Option, Steam Cloud, Family Sharing","Indie, Role-playing (RPG), Strategy, Turn-based strategy (TBS)",,"accessibility options, adjustable difficulty, custom volume controls, mouse only option, nextfest february 2026, playable without timed input, steam achievements, stereo sound, touch only option",True,Witch's Apocalyptic Journey,Q2 2026,2026-06-30T00:00:00,https://www.youtube.com/watch?v=Nzvf7Uhp_r0,314,6,,MeowAlive,True,MeowAlive,"{'original_release_date': 'Jun 05, 2026', 'original_platforms': ['Mac', 'PC (Microsoft Windows)'], 'ports': []}"
3710840,House Flipper Remastered Collection,6283,"Casual, Indie, Simulation","Single-player, Steam Achievements, Full controller support, Steam Workshop, Steam Cloud, Family Sharing","Indie, Simulator","Business, Non-fiction",,True,,"4 Jun, 2026",2026-06-04T00:00:00,https://www.youtube.com/watch?v=0NemL9PO7nM,33242,526,,Frozen Way,True,"Frozen Way, Frozen District","{'original_release_date': 'Jun 04, 2026', 'original_platforms': ['Mac', 'PC (Microsoft Windows)', 'PlayStation 5', 'Xbox Series X|S'], 'ports': []}"
3711590,Train 45,3945,"Casual, Indie","Single-player, Family Sharing",Simulator,"Non-fiction, Sandbox","management, trains",True,,Q2 2026,2026-06-30T00:00:00,,0,0,,Elniko,True,"Mango Party, Mango Party News","{'original_release_date': 'Oct 30, 2014', 'original_platforms': ['PC (Microsoft Windows)'], 'ports': []}"
3712080,Funnel Runners,5991,"Action, Indie, Simulation","Single-player, Multi-player, Co-op, Online Co-op, Steam Achievements, Family Sharing","Indie, Simulator",Action,,True,,Q2 2026,2026-06-30T00:00:00,,0,0,,Supernova Studios LLC,True,Supernova Studios LLC,"{'original_release_date': 'Q2 2026', 'original_platforms': ['PC (Microsoft Windows)'], 'ports': []}"
3761990,Milf Barman,2930,"Adventure, Casual, RPG","Single-player, Family Sharing",,,,True,Milf Barman,June 2026,2026-06-30T00:00:00,,0,0,,"Team Emily, BLUESHROOM GAMES",True,Team Emily,{}
3825660,Isekai Big Two,1735,"Indie, Strategy","Single-player, Steam Achievements, Steam Cloud, Family Sharing",,,,True,Isekai Big Dick,Q2 2026,2026-06-30T00:00:00,,0,0,,Hippo Games,True,Hippo Games,{}
3828610,Beauties and the Stranded,1646,"Adventure, RPG, Simulation","Single-player, Family Sharing","Adventure, Role-playing (RPG), Simulator, Visual Novel",Romance,"fmv, nextfest october 2025",True,,"14 Jun, 2026",2026-06-14T00:00:00,https://www.youtube.com/watch?v=8kd1ePr6a6c,922,21,,storytaco,True,storytaco,{}
3855940,AURA 2: Lust of the Gods,2050,Casual,"Single-player, Family Sharing",,,,True,,Q2 2026,2026-06-30T00:00:00,,0,0,,TopHouse Studio,True,TopHouse Publishing,{}
3880400,FRUKT,1470,"Casual, Indie, Simulation","Single-player, Playable without Timed Input, Stereo Sound, Family Sharing","Indie, Simulator",,"accessibility options, nextfest february 2026, playable without timed input, stereo sound",True,,Q2 2026,2026-06-30T00:00:00,,0,0,,tripledose,True,tripledose,{}
3918200,????????? Dual Fire Walled City,3278,"Adventure, Indie","Multi-player, Co-op, Online Co-op, LAN Co-op, Shared/Split Screen Co-op, Shared/Split Screen, Steam Achievements, Full controller support, Adjustable Text Size, Camera Comfort, Custom Volume Controls, Subtitle Options, Remote Play Together, Family Sharing","Adventure, Indie",,,True,,Q2 2026,2026-06-30T00:00:00,https://www.youtube.com/watch?v=-qs3WRaIy-8,1815,12,,Team DF,True,Team DF,"{'original_release_date': '2026', 'original_platforms': ['PC (Microsoft Windows)'], 'ports': []}"
3936420,Bouncemasters 2: Pengu Throw,6484,"Action, Casual, Indie, Simulation","Single-player, Steam Achievements, Steam Workshop, Stats, Steam Leaderboards, Includes level editor, Family Sharing","Indie, Simulator",Action,"nextfest october 2025, steam achievements",True,,Q2 2026,2026-06-30T00:00:00,,0,0,,"Playgendary, JoyBits Ltd.",True,"JoyBits Ltd., Azur Games","{'original_release_date': 'Q1 2026', 'original_platforms': ['PC (Microsoft Windows)'], 'ports': []}"
3947460,Creator Chronicles,1919,"RPG, Simulation, Early Access","Single-player, Steam Achievements, Custom Volume Controls, Mouse Only Option, Playable without Timed Input, Stereo Sound, Steam Cloud, Steam Leaderboards, Family Sharing","Indie, Role-playing (RPG), Simulator, Strategy",,,True,,Q2 2026,2026-06-30T00:00:00,,0,0,,Origin Studio,True,"Origin Studio, Gamersky Games",{}
3979330,nophenia,1216,"Adventure, Casual, Indie, Simulation","Single-player, Full controller support, Family Sharing","Indie, Simulator",,,True,,June 2026,2026-06-30T00:00:00,https://www.youtube.com/watch?v=brHDlSkKQMQ,2172,109,,Lane,True,Lane,"{'original_release_date': 'Q2 2026', 'original_platforms': ['PC (Microsoft Windows)'], 'ports': []}"
3989960,Frog Sqwad ??,3735,"Action, Adventure, Indie","Multi-player, Co-op, Online Co-op, Steam Achievements, Full controller support, Custom Volume Controls, Playable without Timed Input, Stereo Sound, Family Sharing","Adventure, Indie",Action,,True,,June 2026,2026-06-30T00:00:00,https://www.youtube.com/watch?v=x2BGF12nGU8,111261,2046,,Panic Stations,True,Panic Stations,"{'original_release_date': '2026', 'original_platforms': ['PC (Microsoft Windows)', 'Xbox Series X|S'], 'ports': []}"
4018020,????Online????,1084,"Adventure, Massively Multiplayer, RPG, Free To Play","Multi-player, MMO, PvP, Online PvP, Co-op, Online Co-op, Custom Volume Controls, Keyboard Only Option, Playable without Timed Input, Save Anytime",,,,True,,Q2 2026,2026-06-30T00:00:00,,0,0,,"USERJOY Technology Co.,Ltd.",True,"USERJOY Technology Co.,Ltd.",{}
4061090,Rift Fishing,3965,"Casual, Indie, Massively Multiplayer, Early Access","Single-player, Multi-player, Co-op, Online Co-op, Steam Achievements, Camera Comfort, Color Alternatives, Custom Volume Controls, Adjustable Difficulty, Playable without Timed Input, Save Anytime, Stereo Sound, Steam Cloud, Family Sharing",Indie,,fishing,True,,Q2 2026,2026-06-30T00:00:00,https://www.youtube.com/watch?v=xYrx2MIsFwE,60600,5050,,glimmerloft,True,glimmerloft,"{'original_release_date': 'Q3 2026', 'original_platforms': ['PC (Microsoft Windows)'], 'ports': []}"
4064510,MOLE,1030,"Adventure, Indie, Simulation","Single-player, Family Sharing",Puzzle,,"pixelart, sokoban, sokoban-like",True,,Q2 2026,2026-06-30T00:00:00,https://www.youtube.com/watch?v=Owtj3zwea3Q,5235,212,,Off Black Creations,True,Oro Interactive,"{'original_release_date': 'Apr 18, 2025', 'original_platforms': ['PC (Microsoft Windows)'], 'ports': []}"
4072240,Woman Simulator,2755,"Action, Adventure, Casual, Indie, RPG, Simulation, Sports","Single-player, Steam Achievements, Custom Volume Controls, Adjustable Difficulty, Stereo Sound, Steam Cloud, Family Sharing","Adventure, Indie, Role-playing (RPG), Simulator","Action, Comedy","cleaning, nextfest february 2026, women",True,,Q2 2026,2026-06-30T00:00:00,https://www.youtube.com/watch?v=UMZ2u5imAt8,31700,610,,Sebasa Games,True,Sebasa Games,"{'original_release_date': 'Mar 2026', 'original_platforms': ['PC (Microsoft Windows)'], 'ports': []}"
4112070,An Eggstremely Hard Game,1523,Casual,"Single-player, Multi-player, Co-op, Online Co-op, Shared/Split Screen Co-op, Shared/Split Screen, Full controller support, Remote Play Together, Family Sharing","Adventure, Indie, Platform",Party,rage game,True,,Q2 2026,2026-06-30T00:00:00,https://www.youtube.com/watch?v=iYfCddJcS1w,3096,22,,BBear Studio,True,Devotion Interactive,"{'original_release_date': 'Q2 2026', 'original_platforms': ['PC (Microsoft Windows)'], 'ports': []}"
4134600,EverRail,3219,"Action, Adventure, Simulation, Early Access","Single-player, Multi-player, Co-op, Online Co-op, Custom Volume Controls, Adjustable Difficulty, Playable without Timed Input, Save Anytime, Stereo Sound, Steam Cloud, Stats, Family Sharing",Adventure,"Action, Survival","nextfest february 2026, open world survival craft, trains",True,,Q2 2026,2026-06-30T00:00:00,https://www.youtube.com/watch?v=B_ieXAYXlMM,1872341,1097,,Icebird Studios,True,Aesir Interactive GmbH,"{'original_release_date': 'Q2 2026', 'original_platforms': ['PC (Microsoft Windows)'], 'ports': []}"
4150860,The Loopler,1430,"Casual, Indie, Racing, Simulation, Strategy","Single-player, Steam Achievements, Full controller support, Mouse Only Option, Playable without Timed Input, Touch Only Option, Steam Cloud, Stats, Steam Leaderboards, Family Sharing","Arcade, Indie, Racing, Simulator, Strategy",,nextfest february 2026,True,,Q2 2026,2026-06-30T00:00:00,https://www.youtube.com/watch?v=1_GeVRC7ySU,531,36,,Mheep,True,Mheep,"{'original_release_date': 'Q2 2026', 'original_platforms': ['PC (Microsoft Windows)'], 'ports': []}"
4162040,Zenless Zone Zero,14706,"Action, Adventure, RPG, Free To Play","Single-player, In-App Purchases, Partial Controller Support","Adventure, Hack and slash/Beat 'em up, Role-playing (RPG)","Action, Fantasy, Science fiction","3d, anime, fast paced, free-to-play, gacha, gacha system, narrative-driven, stylized, urban fantasy",True,,Q2 2026,2026-06-30T00:00:00,https://www.youtube.com/watch?v=kSfIBXX2M7M,3360312,37016,,COGNOSPHERE PTE. LTD.,True,COGNOSPHERE PTE. LTD.,"{'original_release_date': 'Jan 29, 2024', 'original_platforms': ['Android'], 'ports': [{'platform': 'iOS', 'release_date': 'May 27, 2024'}, {'platform': 'Android', 'release_date': 'Jun 20, 2024'}, {'platform': 'iOS', 'release_date': 'Jul 02, 2024'}, {'platform': 'PC (Microsoft Windows)', 'release_date': 'Jul 04, 2024'}, {'platform': 'PlayStation 5', 'release_date': 'Jul 04, 2024'}, {'platform': 'Xbox Series X|S', 'release_date': 'Jun 06, 2025'}]}"
4193390,Mafia Queens,3478,Casual,"Single-player, In-App Purchases",,,,True,,June 2026,2026-06-30T00:00:00,,0,0,,NIFCOR KFT,True,Passion Panda Publishing,{}
4218680,Bird Game 3,2550,"Action, Adventure","Multi-player, PvP, Online PvP, Co-op, Online Co-op, Full controller support, Family Sharing",Indie,Action,,True,,Q2 2026,2026-06-30T00:00:00,,0,0,,Birdgame Studios,True,Birdgame Studios,{}
4227400,Sineus Arena Survivors,1594,"Action, Indie","Single-player, Multi-player, Co-op, Online Co-op, Full controller support, Custom Volume Controls, Keyboard Only Option, Playable without Timed Input, Stereo Sound, Surround Sound, Family Sharing",,,,True,,June 2026,2026-06-30T00:00:00,,0,0,,Sineus Games,True,Sineus Games,{}
4230430,Jokerina: Lust Card,4319,"Strategy, Free To Play","Single-player, In-App Purchases",,,,True,,June 2026,2026-06-30T00:00:00,,0,0,,Hooligapps,True,Hooligapps,{}
4265080,EmyLiveShow: Horny Horrors,3067,"Adventure, Casual, Simulation","Single-player, Steam Achievements, Custom Volume Controls, Mouse Only Option, Save Anytime, Family Sharing",,,,True,EmyLiveShow: Horny Horrors,Q2 2026,2026-06-30T00:00:00,,0,0,,Team Emily,True,Team Emily,{}
4282780,Duelist: Idle Expedition,1111,"Adventure, Casual, Strategy","Single-player, Custom Volume Controls, Keyboard Only Option, Mouse Only Option, Playable without Timed Input, Save Anytime, Family Sharing","Adventure, Role-playing (RPG), Strategy",,"auto battler, idler, pixel graphics, tactical rpg",True,,Q2 2026,2026-06-30T00:00:00,https://www.youtube.com/watch?v=amzbSHHJKLw,85,1,,One Interactive Studio,True,Infini Fun,{}
4285690,Airport Security Sucks!,2236,"Action, Casual, Indie, Simulation","Multi-player, PvP, Online PvP, Co-op, Online Co-op, Custom Volume Controls, Adjustable Difficulty, Stereo Sound, Partial Controller Support, Family Sharing","Indie, Simulator","Action, Comedy, Stealth, Warfare","casual, dark humor, funny, online party game, proximity voice chat, pvp, simulation, social deduction, team-based, time management, voice control",True,,"5 Jun, 2026",2026-06-05T00:00:00,https://www.youtube.com/watch?v=qqZrM3co9Ns,4622,102,,"JakeHub, Metater",True,Jatater Worldwide,"{'original_release_date': 'Q2 2026', 'original_platforms': ['PC (Microsoft Windows)'], 'ports': []}"
4288330,Flow Legends,2809,"Casual, Indie","Single-player, Steam Achievements, Steam Leaderboards, Family Sharing","Indie, Puzzle",,"nextfest february 2026, steam achievements",True,,Q2 2026,2026-06-30T00:00:00,,0,0,,"Azur Games, Joybits Ltd.",True,"Joybits Ltd., Azur Games",{}
4335460,BOXROOM,3073,"Indie, Simulation, Strategy, Early Access","Single-player, Steam Achievements, Full controller support, Steam Workshop, Steam Cloud, Family Sharing","Indie, Simulator, Strategy",Sandbox,"building, level editor, life simulation, life simulator, management, moddable, old school, realistic, relaxing, retro",True,,Q2 2026,2026-06-30T00:00:00,https://www.youtube.com/watch?v=Ma5wnXOI1C4,98574,285,,Nested Loop Studios,True,Pantaloon,{}
4491360,The 7th Guest Remake,1302,Adventure,"Single-player, Steam Achievements, Full controller support, Family Sharing","Adventure, Point-and-click, Puzzle",Horror,steam achievements,True,,"4 Jun, 2026",2026-06-04T00:00:00,https://www.youtube.com/watch?v=uR87p_ZRHgA,61218,180,,"Vertigo Games, Exkee",True,Vertigo Games,"{'original_release_date': 'Jun 04, 2026', 'original_platforms': ['Nintendo Switch', 'PC (Microsoft Windows)', 'PlayStation 5', 'PlayStation VR2', 'SteamVR', 'Xbox Series X|S'], 'ports': []}"
