Game Title,Category,Release Date,Developers,Publishers,Platforms,Genres,Themes,Keywords,YouTube URL,YouTube Views,YouTube Likes,YouTube ReleaseDate,SteamStatus
2XKO,Main Game,2026-01-01,Riot Games,Riot Games,"Xbox Series X|S, PC (Microsoft Windows), PlayStation 5",Fighting,Action,,https://www.youtube.com/watch?v=vbksKxZaQGA,9198462,3010,2025-12-12,Non-Steam PC Game
Isekai: I'm an FPS Hero Who Was Summoned to Another World,Main Game,2026-01-07,,,"PC (Microsoft Windows), PlayStation 5",Indie,Action,nextfest june 2025,N/A,N/A,N/A,N/A,Console / Other
Code Violet,Main Game,2026-01-10,TeamKill Media,TeamKill Media,PlayStation 5,Shooter,"Action, Science fiction, Horror",survival horror,https://www.youtube.com/watch?v=wfDxEltKCfg,597152,20667,2025-07-25,Console / Other
Big Hops,Main Game,2026-01-12,,,"PC (Microsoft Windows), PlayStation 5, Nintendo Switch","Platform, Adventure, Indie",Action,"underwater, frog, climbing, swimming, family friendly, colorful, controller support, collectathon",https://www.youtube.com/watch?v=rvNSCCJtgTI,1136,62,2025-06-07,PC Game (on Steam)
Nibiru Voyage,Main Game,2026-01-13,"SharkGame, Cow Game",y-zo studio,"PlayStation 4, PC (Microsoft Windows), PlayStation 5",Indie,Science fiction,"bullet hell, steam, achievements, steam achievements, digital distribution",N/A,N/A,N/A,N/A,Console / Other
"Genshin Impact: Version ""Luna IV""",Unknown,2026-01-14,HoYoverse,HoYoverse,"Xbox Series X|S, PlayStation 4, Android, PC (Microsoft Windows), iOS, PlayStation 5","Role-playing (RPG), Adventure","Action, Fantasy, Open world",,https://www.youtube.com/watch?v=ja4jJXYyiqU,73233,3833,2026-01-02,Non-Steam PC Game
The Legend of Heroes: Trails Beyond the Horizon,Main Game,2026-01-15,Nihon Falcom,"NIS America, Nihon Falcom, Clouded Leopard Entertainment Inc.","PlayStation 4, Nintendo Switch 2, PC (Microsoft Windows), PlayStation 5, Nintendo Switch","Role-playing (RPG), Turn-based strategy (TBS), Adventure","Action, Fantasy, Science fiction",,https://www.youtube.com/watch?v=jQELYrJXO-A,44084,1533,2025-07-24,PC Game (on Steam)
BrokenLore: Unfollow,Main Game,2026-01-16,Serafini Productions,Serafini Productions,"Xbox Series X|S, PC (Microsoft Windows), PlayStation 5",Adventure,"Action, Horror, Thriller",,https://www.youtube.com/watch?v=0mWW1YMm2xc,92,8,2025-12-14,PC Game (on Steam)
Mio: Memories in Orbit,Main Game,2026-01-20,Douze Dixièmes,Focus Entertainment,"Xbox Series X|S, PlayStation 4, Nintendo Switch 2, PC (Microsoft Windows), PlayStation 5, Xbox One, Nintendo Switch","Platform, Adventure, Indie","Action, Science fiction","metroidvania, androids, nextfest june 2025",https://www.youtube.com/watch?v=vw2dZeSt0qg,134227,57,2025-12-04,PC Game (on Steam)
Arknights: Endfield,Main Game,2026-01-22,Hypergryph,Gryphline,"Android, PC (Microsoft Windows), iOS, PlayStation 5","Role-playing (RPG), Strategy, Adventure","Action, Science fiction, Open world","base building, resource gathering, real-time combat, alien world, semi open world",https://www.youtube.com/watch?v=5Xm45NwWOlo,4250956,23500,2025-12-12,Non-Steam PC Game
Sega Football Club Champions,Main Game,2026-01-22,Sega,Sega,"Android, PC (Microsoft Windows), iOS, PlayStation 5","Simulator, Sport",,"soccer, football, management, cross-platform multiplayer, free-to-play, controller support",https://www.youtube.com/watch?v=biY-hVO7sEE,2497,27,2025-11-12,PC Game (on Steam)
Escape from Ever After,Main Game,2026-01-23,Sleepy Castle Studio,HypeTrain Digital,"Xbox Series X|S, PC (Microsoft Windows), PlayStation 5, Nintendo Switch","Role-playing (RPG), Adventure, Indie",,,https://www.youtube.com/watch?v=koAL6QeFQqc,810,47,2025-11-22,PC Game (on Steam)
Code Vein II,Main Game,2026-01-26,"Bandai Namco Studios, Shift",Bandai Namco Entertainment,"Xbox Series X|S, PC (Microsoft Windows), PlayStation 5",Role-playing (RPG),Action,,https://www.youtube.com/watch?v=EkajrffHLVo,116287,3176,2025-09-24,PC Game (on Steam)
Highguard,Main Game,2026-01-26,Wildlight Entertainment,Wildlight Entertainment,"Xbox Series X|S, PC (Microsoft Windows), PlayStation 5",Shooter,"Action, Fantasy",,https://www.youtube.com/watch?v=twK-acOec9o,92092,1016,2025-12-12,PC Game (on Steam)
The Seven Deadly Sins: Origin,Main Game,2026-01-28,Netmarble F&C,Netmarble,"Android, PC (Microsoft Windows), iOS, PlayStation 5","Role-playing (RPG), Adventure","Action, Fantasy, Open world",,https://www.youtube.com/watch?v=uRhdSmU0kyw,2951186,844,2025-12-12,PC Game (on Steam)
Core Keeper: Void & Voltage,Unknown,2026-01-28,Pugstorm,Fireshine Games,"Xbox Series X|S, PlayStation 4, Linux, Nintendo Switch 2, PC (Microsoft Windows), PlayStation 5, Xbox One, Nintendo Switch","Role-playing (RPG), Simulator, Adventure, Indie",Action,"steam cloud, steam families",https://www.youtube.com/watch?v=odARerNhDZU,63036,2462,2025-11-29,Non-Steam PC Game
Dusk Index: Gion,Main Game,2026-01-29,Cherrymochi,Bushiroad Games,"Xbox Series X|S, PC (Microsoft Windows), PlayStation 5, Nintendo Switch","Adventure, Visual Novel","Thriller, Drama",suspense,https://www.youtube.com/watch?v=6T2fifsjRzA,1798,52,2025-01-14,PC Game (on Steam)
Dark Auction,Main Game,2026-01-29,IzanagiGames,,"PC (Microsoft Windows), PlayStation 5, Nintendo Switch",Adventure,Mystery,,N/A,N/A,N/A,N/A,PC Game (on Steam)
I Hate this Place,Main Game,2026-01-29,Rock Square Thunder,"Feardemic, Broken Mirror Games","Xbox Series X|S, PC (Microsoft Windows), PlayStation 5, Nintendo Switch",Indie,"Horror, Survival","survival horror, comicbook style",https://www.youtube.com/watch?v=Qf54RbJQw-U,4752,69,2025-08-20,PC Game (on Steam)
Kyouran Makaism,Main Game,2026-01-29,Nippon Ichi Software,Nippon Ichi Software,"Nintendo Switch 2, PlayStation 5, Nintendo Switch",Role-playing (RPG),Action,,https://www.youtube.com/watch?v=oq_DQ4hnErQ,24000,551,2025-11-11,Console / Other
Cairn,Main Game,2026-01-29,The Game Bakers,The Game Bakers,"Xbox Series X|S, PC (Microsoft Windows), PlayStation 5","Simulator, Adventure, Indie","Action, Survival","climbing, steam cloud, survival mode",https://www.youtube.com/watch?v=SKIZx7IFv-A,1757,47,2025-12-04,PC Game (on Steam)
Running Fable Petite Party,Main Game,2026-01-30,Seashell Studio,Seashell Studio,"Xbox Series X|S, PlayStation 4, PC (Microsoft Windows), PlayStation 5, Xbox One, Nintendo Switch","Indie, Arcade, Card & Board Game","Action, Comedy, Kids, Party","minigames, rabbit, cute, cartoon graphics, local multiplayer, dice, easy, turtle, steam achievements, minigame collection, mario party, family, nextfest october 2025",https://www.youtube.com/watch?v=yEVE_UgXJ6Y,10,0,2025-09-12,Console / Other
The 9th Charnel,Main Game,2026-01-30,Saikat Deb Creations,SOEDESCO Publishing,"Xbox Series X|S, PC (Microsoft Windows), PlayStation 5","Puzzle, Adventure, Indie","Horror, Survival",lovecraftian,https://www.youtube.com/watch?v=u1AZMoREDAE,156,11,2025-12-14,PC Game (on Steam)
Bacharu M.I.A.R.E. no Kuronikuru,Main Game,2026-01-01,The M.I.A.R.E. Project,The M.I.A.R.E. Project,"Xbox Series X|S, Android, PC (Microsoft Windows)","Point-and-click, Puzzle, Role-playing (RPG), Indie, Visual Novel","Science fiction, Horror, Thriller","anime, cyberpunk, psychological thriller, narrative-driven, artificial intelligence, story rich, corruption, tech-noir, digital dystopia, trio protagonists, glitch aesthetics",https://www.youtube.com/watch?v=UGYj6MPH5bQ,5,0,2025-12-17,Non-Steam PC Game
Spear,Main Game,2026-01-09,Polyhedric Games,Polyhedric Games,"Xbox Series X|S, PC (Microsoft Windows)","Adventure, Indie",Action,controller required,https://www.youtube.com/watch?v=MlNhqk3Wm5g,417,10,2025-12-16,Console / Other
"Rightfully, Beary Arms",Main Game,2026-01-27,Daylight Basement Studio,Daylight Basement Studio,"Xbox Series X|S, PC (Microsoft Windows), Xbox One","Shooter, Adventure, Indie","Action, Science fiction","pve, cute, pixel graphics, roguelite",https://www.youtube.com/watch?v=gwDHcLr5uZ0,341,8,2023-07-27,PC Game (on Steam)
M.A.U.S,Main Game,2026-01-02,,Cascadia Games LLC,"PlayStation 4, PlayStation 5, Nintendo Switch","Platform, Adventure",Action,,N/A,N/A,N/A,N/A,Console / Other
Clothing Store Simulator,Main Game,2026-01-05,,,Nintendo Switch,,,,N/A,N/A,N/A,N/A,Console / Other
Cute Finders,Main Game,2026-01-06,,,Nintendo Switch,Puzzle,,,N/A,N/A,N/A,N/A,Console / Other
Simpli Casa,Main Game,2026-01-06,,,Nintendo Switch,"Simulator, Arcade",,,N/A,N/A,N/A,N/A,Console / Other
SnapCat: Mia's Cozy Adventure,Main Game,2026-01-06,,,Nintendo Switch,,,,N/A,N/A,N/A,N/A,Console / Other
Fairy Tail: Dungeons,Main Game,2026-01-07,ginolabo,KODANSHA,"PC (Microsoft Windows), Nintendo Switch","Role-playing (RPG), Simulator, Strategy, Adventure, Indie",,,https://www.youtube.com/watch?v=qtVGSWheYhU,1409,32,2024-08-05,Console / Other
Cozy Caravan,Main Game,2026-01-08,5 Lives Studios,5 Lives Studios,"PC (Microsoft Windows), Nintendo Switch","Adventure, Indie",Sandbox,"exploration, crafting, trading, cute, cozy",https://www.youtube.com/watch?v=tTZ02CM8REI,1158,72,2025-12-09,PC Game (on Steam)
Pin Strike 2,Main Game,2026-01-08,,Nostra Games,"PlayStation 4, PlayStation 5, Nintendo Switch","Puzzle, Simulator, Strategy, Arcade",,,N/A,N/A,N/A,N/A,Console / Other
My Little Haven,Main Game,2026-01-08,,,Nintendo Switch,,,,N/A,N/A,N/A,N/A,Console / Other
Go Kart Island,Main Game,2026-01-09,Grumpy Pizza,,"PC (Microsoft Windows), Nintendo Switch","Racing, Adventure, Indie, Arcade",Open world,"go-kart, driving, funny, kart racing, mario kart",https://www.youtube.com/watch?v=B0JKWQ_WlPw,418,6,2025-09-23,Console / Other
Dunkirk: The Forgotten Soldier,Main Game,2026-01-10,,,Nintendo Switch,Shooter,Action,,N/A,N/A,N/A,N/A,Console / Other
Five Nights at Freddy's: Secret of the Mimic,Main Game,2026-01-12,Steel Wool Studios,Scottgames,"Xbox Series X|S, PlayStation VR2, PC (Microsoft Windows), SteamVR, PlayStation 5, Nintendo Switch","Adventure, Indie","Action, Horror, Stealth","pirates, exploration, 1980s, 3d, minigames, insects, robots, carnival, driving, running, forest, backtracking, achievements, hospital, multiple endings, walking simulator, atmospheric, snow, survival horror, bugs, circus, elephant, pizza, story rich, creepy, no jumping, owl, steam achievements, xbox controller support for pc, anthropomorphism, text adventure, clowns, voice acting, collectibles, tape recorder, treasure chest, alligator, auto-saving, octopus, secret area, jump scare moment, nurse, fetch quests, vent crawling, in-game e-mail, new game plus, optional lore, single item inventory, behind the waterfall, jester, controller support, bug, game within a game, male protagonist, cartoon cinematics, body horror, text adventures with illustrations, animatronics, reference to other games, mascot horror, retro styled, steam deck, 1970s, storage, doors, hex grid, full voice acting, mannequins, food, grid-based puzzles, burger, generator, office, office equipment, computer, mansion, security, cupcakes, hamburgers, lava, moon, steam families, mail, pirate, automobile, hidden secrets, simulated operating system, repair, night shift, collection log, chase sequence, crouching",https://www.youtube.com/watch?v=mNk9IBp9Iuc,928170,92780,2025-06-14,Console / Other
BattleTanks: Animal Wars,Main Game,2026-01-14,,,"PC (Microsoft Windows), Nintendo Switch","Racing, Adventure, Indie, Arcade","Action, Party",,N/A,N/A,N/A,N/A,Console / Other
Motel Business Simulator,Main Game,2026-01-15,Nostra Games,Nostra Games,"PlayStation 4, PlayStation 5, Nintendo Switch","Puzzle, Simulator, Strategy, Indie, Arcade",Business,"hotel management, business simulation, hotel",https://www.youtube.com/watch?v=MgeWvYBvqg8,1104,11,2025-09-19,Console / Other
Super Chipflake Ü: Quest for the Uncooked Schnitzel,Main Game,2026-01-19,Salsa Shark Productions,Salsa Shark Productions,"PC (Microsoft Windows), Nintendo Switch","Platform, Adventure, Indie","Action, Open world",,https://www.youtube.com/watch?v=IBtyfVoEneQ,34266,3476,2025-12-15,PC Game (on Steam)
Perfect Tides: Station to Station,Main Game,2026-01-22,Three Bees,Three Bees,"PC (Microsoft Windows), Mac, Nintendo Switch","Point-and-click, Adventure, Indie","Comedy, Drama, Romance",,https://www.youtube.com/watch?v=4EHdGHAmXxo,157,6,2025-09-18,PC Game (on Steam)
Dustland Delivery,Main Game,2026-01-22,Neutron Star Studio,Farlight Games,"PC (Microsoft Windows), Nintendo Switch","Role-playing (RPG), Simulator, Strategy, Adventure, Indie","Survival, Business",post-apocalyptic,https://www.youtube.com/watch?v=aykNOx-hTj8,3213,42,2024-06-27,Console / Other
Dispatch,Main Game,2026-01-28,AdHoc Studio,AdHoc Studio,"Nintendo Switch 2, PC (Microsoft Windows), PlayStation 5, Nintendo Switch","Strategy, Adventure","Action, Comedy","superhero, fmv, nextfest june 2025",https://www.youtube.com/watch?v=rrWos4NShT8,751763,19614,2025-09-16,Console / Other
Chrono Ark: Deluxe Edition,Main Game,2026-01-29,Al Fine,PLAYISM,Nintendo Switch,"Role-playing (RPG), Card & Board Game",,"turn-based, female protagonist, party-based, turn-based combat, roguelite, turn-based rpg, party-based rpg, deckbuilder",https://www.youtube.com/watch?v=QedkihkkKmg,4509,68,2025-09-16,Console / Other
The Perfect Pencil,Main Game,2026-01-29,,,"PC (Microsoft Windows), Nintendo Switch","Platform, Puzzle, Adventure, Indie",Action,,https://www.youtube.com/watch?v=bVwGogIT6FI,924,48,2025-12-09,PC Game (on Steam)
Axyn Adventure,Main Game,2026-01-01,Shinlalala,Shady Corner Games,"Linux, Android, PC (Microsoft Windows)","Platform, Adventure","Action, Erotic","lgbtq+, collectathon, gay protagonist",https://www.youtube.com/watch?v=TWLsL0vAoI8,17588,105,2024-12-13,Non-Steam PC Game
Lunar New Year,Main Game,2026-01-01,,,PC (Microsoft Windows),"Adventure, Indie",Action,,N/A,N/A,N/A,N/A,Non-Steam PC Game
Namakorium,Main Game,2026-01-01,Polyscape,Polyscape,PC (Microsoft Windows),"Strategy, Indie",,,https://www.youtube.com/watch?v=hvREWzovImU,2337,49,2025-08-25,PC Game (on Steam)
The End of Paradise,Main Game,2026-01-01,,,PC (Microsoft Windows),"Role-playing (RPG), Adventure, Indie",,nextfest june 2025,N/A,N/A,N/A,N/A,PC Game (on Steam)
Dwarf Legacy,Main Game,2026-01-01,Wulo Games,Wulo Games,"Linux, PC (Microsoft Windows), Mac","Platform, Indie, Arcade",Action,bullet hell,N/A,N/A,N/A,N/A,PC Game (on Steam)
Oceanic Rails,Main Game,2026-01-01,Extrinc Studios,Extrinc Studios,"PC (Microsoft Windows), Mac","Simulator, Strategy, Indie",Sandbox,"trains, management, farming, pixel art, indie developer, farming simulator, pixel art game, rougelike, oceanic rails",N/A,N/A,N/A,N/A,PC Game (on Steam)
SSR Wives: The Murder Of My Winter Crush,Main Game,2026-01-01,Hen Studios,Hen Studios,PC (Microsoft Windows),"Adventure, Indie","Action, Horror","multiple endings, survival horror, inventory management, fixed camera, deliberately retro, tank controls",https://www.youtube.com/watch?v=xwHtghpDfu0,235,11,2025-05-31,Non-Steam PC Game
Run TavernQuest,Main Game,2026-01-01,Silicon Sundial,Silicon Sundial,PC (Microsoft Windows),"Role-playing (RPG), Adventure, Indie",Comedy,"1980s, narration, free demo",https://www.youtube.com/watch?v=f7NJDM1qOHQ,125,4,2020-02-22,PC Game (on Steam)
Sunken Dreams,Main Game,2026-01-01,Calan Hilton,Calan Hilton,PC (Microsoft Windows),"Puzzle, Indie",,"developed by one person, solo developer",N/A,N/A,N/A,N/A,PC Game (on Steam)
League of Foes,Main Game,2026-01-01,,,PC (Microsoft Windows),Indie,,"steam achievements, nextfest october 2025",N/A,N/A,N/A,N/A,PC Game (on Steam)
Aexxos,Main Game,2026-01-01,,,PC (Microsoft Windows),Role-playing (RPG),,"ai-generated artwork, ai-generated text, nextfest october 2025",N/A,N/A,N/A,N/A,PC Game (on Steam)
Super Blowfish Castle,Main Game,2026-01-01,,,PC (Microsoft Windows),"Strategy, Turn-based strategy (TBS), Adventure, Indie",Action,"steam achievements, nextfest october 2025",N/A,N/A,N/A,N/A,PC Game (on Steam)
Nice City,Main Game,2026-01-01,,,PC (Microsoft Windows),"Adventure, Indie",Action,nextfest october 2025,N/A,N/A,N/A,N/A,PC Game (on Steam)
Pakku Pony,Main Game,2026-01-01,wavecipher,wavecipher,PC (Microsoft Windows),"Point-and-click, Simulator, Indie",,"casual, character customization, cooking, cute, relaxing, agriculture, hand-drawn, colorful, cartoony, mouse only, virtual pet simulation, idle, horses, save anytime, color alternatives, custom volume controls",N/A,N/A,N/A,N/A,PC Game (on Steam)
Alien Cartographer,Main Game,2026-01-01,,,PC (Microsoft Windows),"Puzzle, Strategy, Indie",,"minesweeper, logic puzzle, logic, nextfest october 2025",N/A,N/A,N/A,N/A,PC Game (on Steam)
War and Politics,Main Game,2026-01-01,,,PC (Microsoft Windows),"Simulator, Strategy, Indie",,"steam achievements, nextfest october 2025",N/A,N/A,N/A,N/A,PC Game (on Steam)
Strategos,Main Game,2026-01-01,,MicroProse,PC (Microsoft Windows),"Real Time Strategy (RTS), Simulator, Strategy, Tactical","Historical, Warfare",,N/A,N/A,N/A,N/A,PC Game (on Steam)
Mycelium: The Silent Contract,Main Game,2026-01-01,Po Kolu Studio,Po Kolu Studio,PC (Microsoft Windows),"Adventure, Indie","Science fiction, Horror, Thriller","procedural generation, forest, riddles, online coop, science-fantasy, first person horror",https://www.youtube.com/watch?v=vd-ZH2G8RJ8,216,15,2025-09-16,PC Game (on Steam)
Tomo Jam!,Main Game,2026-01-01,Restless Games,Restless Games,PC (Microsoft Windows),"Music, Simulator, Indie, Arcade",Party,"local multiplayer, music and rhythm, rhythm game, controller required, general-midi audio",https://www.youtube.com/watch?v=i-JqnWO8gwE,7,0,2025-11-19,PC Game (on Steam)
TR-49,Main Game,2026-01-01,inkle,inkle,"PC (Microsoft Windows), Mac","Puzzle, Adventure, Visual Novel","Drama, Mystery","secret past, codes, books",N/A,N/A,N/A,N/A,PC Game (on Steam)
Mech Builder 3D,Main Game,2026-01-01,Don Pachi,Don Pachi,PC (Microsoft Windows),"Puzzle, Indie",,,N/A,N/A,N/A,N/A,PC Game (on Steam)
Lost Isle,Main Game,2026-01-01,Wunder Entertainment,Wunder Entertainment,PC (Microsoft Windows),Role-playing (RPG),"Action, Survival, Open world","medieval, pvp, base building",https://www.youtube.com/watch?v=4Qab3i5oINE,2975,30,2023-11-30,PC Game (on Steam)
Elemdian,Main Game,2026-01-01,Ogical Games,Ogical Games,PC (Microsoft Windows),"Role-playing (RPG), Adventure, Indie","Action, Fantasy",,https://www.youtube.com/watch?v=AIABkNWn_9Q,93,7,2024-10-09,PC Game (on Steam)
TransmuTowers,Main Game,2026-01-01,Edenic Era,Edenic Era,PC (Microsoft Windows),"Strategy, Indie",Action,tower defense,N/A,N/A,N/A,N/A,PC Game (on Steam)
Sugoi Adventure! DragonSlayer,Main Game,2026-01-01,,,"Linux, PC (Microsoft Windows), Mac","Role-playing (RPG), Simulator, Adventure",,,N/A,N/A,N/A,N/A,PC Game (on Steam)
Knockoff,Main Game,2026-01-01,,,"PC (Microsoft Windows), Mac","Role-playing (RPG), Adventure, Indie",Action,,N/A,N/A,N/A,N/A,PC Game (on Steam)
Gobocore,Main Game,2026-01-01,Bunkovsky,Bunkovsky,PC (Microsoft Windows),Role-playing (RPG),"Action, Fantasy","turn-based tactics, goblins, roguelite, autobattler, nextfest june 2025",N/A,N/A,N/A,N/A,Non-Steam PC Game
BrebeMan,Main Game,2026-01-01,MetaFormingPro,Waku Waku Games,PC (Microsoft Windows),,Action,nextfest june 2025,N/A,N/A,N/A,N/A,PC Game (on Steam)
Falling Thingies,Main Game,2026-01-01,,,"Linux, PC (Microsoft Windows)",Indie,Action,nextfest june 2025,N/A,N/A,N/A,N/A,PC Game (on Steam)
Farmare: Ultimate Animal Survive,Main Game,2026-01-01,,,PC (Microsoft Windows),"Role-playing (RPG), Indie",Action,"accessibility options, custom volume controls, nextfest october 2025",N/A,N/A,N/A,N/A,PC Game (on Steam)
Faro,Main Game,2026-01-01,matt!,matt!,"Linux, PC (Microsoft Windows), Mac","Adventure, Indie, Visual Novel",Action,,N/A,N/A,N/A,N/A,PC Game (on Steam)
Sector Zero,Main Game,2026-01-01,Ondrej Angelovic,Ondrej Angelovic,"PC (Microsoft Windows), Mac","Platform, Puzzle, Adventure, Indie","Action, Science fiction, Horror","monochrome, you play as the villain, monster",https://www.youtube.com/watch?v=umvJxcbyJ2U,19,0,2025-12-03,PC Game (on Steam)
Hillshade Farm,Main Game,2026-01-01,,,PC (Microsoft Windows),"Role-playing (RPG), Simulator",,"crafting, horse, chicken, fox, relaxing, agriculture, day/night cycle, sheep, controller support, farming simulator, repair",N/A,N/A,N/A,N/A,PC Game (on Steam)
Koloboke: Sickness Simulator,Main Game,2026-01-01,,,PC (Microsoft Windows),"Simulator, Adventure, Indie",Action,"steam achievements, accessibility options, playable without timed input, custom volume controls, camera comfort, nextfest october 2025",N/A,N/A,N/A,N/A,PC Game (on Steam)
Wacambria Island,Main Game,2026-01-01,Moses Doyle,Moses Doyle,PC (Microsoft Windows),"Role-playing (RPG), Adventure",Action,"exploration, story driven",https://www.youtube.com/watch?v=PGJFwhftPxg,77,1,2024-02-28,PC Game (on Steam)
Touhou Rinrinki: Crafts of the Lucky Beast,Main Game,2026-01-01,,,PC (Microsoft Windows),"Strategy, Turn-based strategy (TBS), Indie",,"anime, female protagonist, turn-based tactics, steam cloud, deck-building, touhou fangame, grid-based, card battler",N/A,N/A,N/A,N/A,PC Game (on Steam)
"Somewhere, a Cat Sleeps",Main Game,2026-01-01,,,PC (Microsoft Windows),"Strategy, Adventure, Indie",,"accessibility options, color alternatives, playable without timed input, nextfest october 2025",N/A,N/A,N/A,N/A,PC Game (on Steam)
Putt Down,Main Game,2026-01-01,,,PC (Microsoft Windows),Indie,,nextfest june 2025,N/A,N/A,N/A,N/A,PC Game (on Steam)
PhantomZone SemiDeus,Main Game,2026-01-01,,,PC (Microsoft Windows),"Point-and-click, Adventure, Visual Novel",,nextfest june 2025,N/A,N/A,N/A,N/A,PC Game (on Steam)
Overcat,Main Game,2026-01-01,,,PC (Microsoft Windows),Indie,Action,"adjustable difficulty, accessibility options, controller required, nextfest october 2025",https://www.youtube.com/watch?v=CLtWBDVcF6U,130,14,2025-10-02,PC Game (on Steam)
Oreflux,Main Game,2026-01-01,,,PC (Microsoft Windows),Indie,Action,"steam achievements, accessibility options, playable without timed input, custom volume controls, keyboard only option, nextfest october 2025",N/A,N/A,N/A,N/A,PC Game (on Steam)
Blast Bebop,Main Game,2026-01-01,,,PC (Microsoft Windows),"Simulator, Strategy, Indie",Action,"steam achievements, accessibility options, save anytime, playable without timed input, stereo sound, custom volume controls, camera comfort, nextfest october 2025",N/A,N/A,N/A,N/A,PC Game (on Steam)
Calm Before the Storm,Main Game,2026-01-01,,,PC (Microsoft Windows),"Simulator, Indie",,"steam achievements, ai-generated artwork, nextfest october 2025",N/A,N/A,N/A,N/A,PC Game (on Steam)
Dread Meridian,Main Game,2026-01-01,KUKRGAME,Level Infinite,"Meta Quest 2, PC (Microsoft Windows)","Shooter, Simulator, Adventure, Indie","Action, Horror, Survival",,https://www.youtube.com/watch?v=Hj1esYtKBCM,237438,27,2025-12-05,PC Game (on Steam)
Ergenekon,Main Game,2026-01-01,,,PC (Microsoft Windows),"Adventure, Indie",Action,,N/A,N/A,N/A,N/A,PC Game (on Steam)
Halcyon Days at Taoyuan,Main Game,2026-01-01,,,PC (Microsoft Windows),"Role-playing (RPG), Simulator, Indie",,nextfest june 2025,N/A,N/A,N/A,N/A,PC Game (on Steam)
Lone Bird in the Tree,Main Game,2026-01-01,,,"PC (Microsoft Windows), Mac","Adventure, Indie, Visual Novel",,"accessibility options, playable without timed input, mouse only option, custom volume controls, keyboard only option, camera comfort, nextfest october 2025",N/A,N/A,N/A,N/A,PC Game (on Steam)
Nearly Impossible Odds,Main Game,2026-01-01,,,PC (Microsoft Windows),Indie,,"steam achievements, nextfest october 2025",N/A,N/A,N/A,N/A,PC Game (on Steam)
Randy the Racoon,Main Game,2026-01-01,Slobbymonk,Slobbymonk,PC (Microsoft Windows),"Racing, Adventure, Indie","Action, Comedy, Sandbox, Open world","driving, animal protagonist, colorful, steam workshop, controller support",https://www.youtube.com/watch?v=TtK17ZAObDA,396,41,2025-01-19,PC Game (on Steam)
Spinny Dungeon,Main Game,2026-01-01,Typing Monkey,Typing Monkey,"Web browser, Linux, PC (Microsoft Windows)","Role-playing (RPG), Strategy, Turn-based strategy (TBS), Indie, Card & Board Game",Fantasy,"roguelike, slot machine, deck-building, roguelike deckbuilder, nextfest june 2025, slots",N/A,N/A,N/A,N/A,PC Game (on Steam)
Forks & Daggers,Main Game,2026-01-01,Brightvoid Interactive,Brightvoid Interactive,PC (Microsoft Windows),Arcade,"Action, Comedy, Party","party-based, social deduction, social game, online party game, friendslop",https://www.youtube.com/watch?v=QjSa0WXl5R0,502,3,2025-12-03,PC Game (on Steam)
Prisoner of the Ephemeral Kingdom,Main Game,2026-01-01,,,PC (Microsoft Windows),"Role-playing (RPG), Adventure, Indie, Visual Novel",Horror,"steam achievements, nextfest october 2025",N/A,N/A,N/A,N/A,Non-Steam PC Game
Battlewrights,Main Game,2026-01-01,,,PC (Microsoft Windows),"Platform, Indie","Action, Party","fast paced, local multiplayer, pixel graphics, throwing weapons, controller support",N/A,N/A,N/A,N/A,PC Game (on Steam)
Odyssey Times: A Quest for Adventure,Main Game,2026-01-01,,,PC (Microsoft Windows),"Role-playing (RPG), Adventure, Indie",,nextfest october 2025,N/A,N/A,N/A,N/A,PC Game (on Steam)
Malleus Maleficarum,Main Game,2026-01-01,,,PC (Microsoft Windows),"Adventure, Indie",Action,nextfest october 2025,N/A,N/A,N/A,N/A,PC Game (on Steam)
Hand-me-downs,Main Game,2026-01-01,,,PC (Microsoft Windows),"Strategy, Indie",,nextfest october 2025,N/A,N/A,N/A,N/A,PC Game (on Steam)
GrowBud,Main Game,2026-01-01,Make Games Play,,"PC (Microsoft Windows), Mac","Simulator, Indie",Fantasy,"steam achievements, accessibility options, save anytime, adjustable text size, color alternatives, playable without timed input, mouse only option, custom volume controls, touch only option, nextfest october 2025",https://www.youtube.com/watch?v=gBl-PLkZM_o,78,2,2025-09-24,PC Game (on Steam)
EvoCreo,Main Game,2026-01-01,Ilmfinity,Ilmfinity,"Android, PC (Microsoft Windows), iOS","Role-playing (RPG), Adventure, Indie",,,https://www.youtube.com/watch?v=BASw7bLZURo,3898893,4899,2015-05-05,PC Game (on Steam)
Danmo Three Kingdoms: Battle of Wits,Main Game,2026-01-01,,,PC (Microsoft Windows),Strategy,,"steam achievements, nextfest october 2025",N/A,N/A,N/A,N/A,PC Game (on Steam)
The Gold River Project,Main Game,2026-01-01,Fairview Games,,PC (Microsoft Windows),"Simulator, Adventure, Indie","Action, Science fiction, Survival, Open world",,https://www.youtube.com/watch?v=DXPJooZj4xU,51341,902,2025-06-09,PC Game (on Steam)
Fear the Timeloop,Main Game,2026-01-01,,,PC (Microsoft Windows),"Shooter, Adventure","Action, Horror",time loop,N/A,N/A,N/A,N/A,PC Game (on Steam)
Ascendant Dawn,Main Game,2026-01-01,Nikous Studio,Nikous Studio,PC (Microsoft Windows),"Simulator, Strategy",,"grand strategy, nextfest october 2025",N/A,N/A,N/A,N/A,PC Game (on Steam)
Hotel Tales,Main Game,2026-01-01,,,PC (Microsoft Windows),"Role-playing (RPG), Adventure",Erotic,,N/A,N/A,N/A,N/A,PC Game (on Steam)
Wastelanders,Main Game,2026-01-01,Studio Lilac,Studio Lilac,PC (Microsoft Windows),"Role-playing (RPG), Strategy, Turn-based strategy (TBS), Indie",Science fiction,"post-apocalyptic, dystopian, female protagonist, pixel graphics, turn-based combat, steam cloud, deck-building, synergies, card battler",N/A,N/A,N/A,N/A,PC Game (Verification Error)
The Dreaded Hut,Main Game,2026-01-01,Gnaw Paw Studios,Gnaw Paw Studios,PC (Microsoft Windows),,Action,,N/A,N/A,N/A,N/A,PC Game (on Steam)
Joint Force,Main Game,2026-01-01,,,"Linux, PC (Microsoft Windows)","Strategy, Indie",,,N/A,N/A,N/A,N/A,PC Game (on Steam)
Sword Sanctuary,Main Game,2026-01-01,Voided,Voided,PC (Microsoft Windows),"Role-playing (RPG), Indie",Action,parrying,N/A,N/A,N/A,N/A,PC Game (on Steam)
Dice A Million,Main Game,2026-01-01,,2 Left Thumbs,PC (Microsoft Windows),"Strategy, Indie",,"roguelike, dice, roguelike deckbuilder, deckbuilder, dice game, nextfest october 2025",https://www.youtube.com/watch?v=bdrYWcm-U0w,1646,60,2025-07-31,PC Game (on Steam)
Velhodium Isle,Main Game,2026-01-01,,,PC (Microsoft Windows),"Shooter, Indie",Action,"post-apocalyptic, dark, demons, boomer shooter",N/A,N/A,N/A,N/A,PC Game (on Steam)
TavernHold,Main Game,2026-01-01,Tevniyal Studios,Tevniyal Studios,PC (Microsoft Windows),"Strategy, Indie",Action,,N/A,N/A,N/A,N/A,PC Game (on Steam)
Rogolf,Main Game,2026-01-01,Seabird Interactive,Seabird Interactive,"Linux, PC (Microsoft Windows), Mac",Indie,Action,"mini golf, roguelite, minigolf",https://www.youtube.com/watch?v=Od_HCCo2fzg,130,0,2025-08-02,PC Game (on Steam)
Joltt: Battle Pillars,Main Game,2026-01-01,,,PC (Microsoft Windows),Indie,Action,,https://www.youtube.com/watch?v=GvNvavJ6QTE,7,0,2025-05-29,PC Game (on Steam)
Dystopia RPG,Main Game,2026-01-01,,,"Linux, PC (Microsoft Windows)","Role-playing (RPG), Adventure, Indie",Action,,N/A,N/A,N/A,N/A,PC Game (on Steam)
Descended,Main Game,2026-01-01,,,"PC (Microsoft Windows), Mac","Role-playing (RPG), Strategy, Adventure, Indie",Action,,N/A,N/A,N/A,N/A,PC Game (on Steam)
Supernatural Visual Novel: The Fourteenth Guzai Vol. 1 & 2,Main Game,2026-01-01,,,PC (Microsoft Windows),"Adventure, Visual Novel",Horror,nextfest october 2025,N/A,N/A,N/A,N/A,PC Game (on Steam)
Basketboy's Adventure,Main Game,2026-01-01,,,PC (Microsoft Windows),"Role-playing (RPG), Sport, Adventure, Indie",Action,nextfest october 2025,N/A,N/A,N/A,N/A,PC Game (on Steam)
Drunkard Simulator,Main Game,2026-01-01,,,PC (Microsoft Windows),"Role-playing (RPG), Simulator, Adventure, Indie",Action,"steam achievements, ai-generated voices, ai-generated music, ai-generated text, ai-generated sound effects, nextfest october 2025",N/A,N/A,N/A,N/A,PC Game (on Steam)
Epoch Cycle,Main Game,2026-01-01,,,PC (Microsoft Windows),"Simulator, Strategy",,"ai-generated artwork, nextfest october 2025",N/A,N/A,N/A,N/A,PC Game (on Steam)
GU Fighters,Main Game,2026-01-01,,,PC (Microsoft Windows),,Action,nextfest october 2025,N/A,N/A,N/A,N/A,PC Game (on Steam)
Auto Snakes in Outer Space,Main Game,2026-01-01,,,PC (Microsoft Windows),Indie,,"incremental game, idle",https://www.youtube.com/watch?v=rJLvkckh5Js,323,18,2025-12-18,PC Game (on Steam)
Dzyun Battle 2026,Main Game,2026-01-01,Just Making Games,Just Making Games,PC (Microsoft Windows),"Shooter, Arcade",Action,"arena shooter, multiplayer fps",https://www.youtube.com/watch?v=H0Z2Qlk_rbQ,10,1,2025-12-16,PC Game (on Steam)
Fish Hunters: The Most Ridiculous Fishing Simulator,Main Game,2026-01-01,,Polden Publishing,PC (Microsoft Windows),"Simulator, Adventure, Indie",Action,,https://www.youtube.com/watch?v=0ig12jAGJeU,624,23,2025-12-14,Non-Steam PC Game
Roll or Die,Main Game,2026-01-01,Crimson Cloud Games,Crimson Cloud Games,PC (Microsoft Windows),"Indie, Arcade","Action, Survival","physics, high score, endless",https://www.youtube.com/watch?v=F4BmPwgzBr0,46,6,2025-12-12,PC Game (on Steam)
Fall Asleep,Main Game,2026-01-01,,,PC (Microsoft Windows),"Strategy, Adventure, Indie",,,N/A,N/A,N/A,N/A,PC Game (on Steam)
Relative Frame,Main Game,2026-01-01,Pangolin Studios,Pangolin Studios,PC (Microsoft Windows),"Adventure, Indie","Action, Science fiction","spaceship, space",N/A,N/A,N/A,N/A,PC Game (on Steam)
Project Killdance,Main Game,2026-01-01,Toge Productions,Toge Productions,PC (Microsoft Windows),"Strategy, Indie",Action,,N/A,N/A,N/A,N/A,PC Game (on Steam)
Party Party Anxiety!,Main Game,2026-01-01,Toge Productions,Toge Productions,PC (Microsoft Windows),"Strategy, Indie, Visual Novel",Romance,,N/A,N/A,N/A,N/A,PC Game (on Steam)
Megastore Simulator,Main Game,2026-01-01,,,PC (Microsoft Windows),Simulator,Business,"business simulation, store management, business simulator",https://www.youtube.com/watch?v=6T9wI_ePjtg,246478,8,2025-09-25,PC Game (on Steam)
A Song of Sunlight,Main Game,2026-01-01,RageForDragons,RageForDragons,PC (Microsoft Windows),"Role-playing (RPG), Indie",Science fiction,"steam achievements, controller support, nextfest october 2025, megastructure",https://www.youtube.com/watch?v=v6kHtdLtT30,355,30,2025-10-13,PC Game (on Steam)
The Real Face of a VTuber,Main Game,2026-01-01,Lilien Games,Lilien Games,PC (Microsoft Windows),"Adventure, Visual Novel",,,https://www.youtube.com/watch?v=RZPqjT9nRS0,69,1,2024-07-12,PC Game (on Steam)
Digging a Hole... with a Spoon... Escape from Alcatraz,Main Game,2026-01-01,,,PC (Microsoft Windows),"Simulator, Indie","Comedy, Sandbox","escape game, prison",N/A,N/A,N/A,N/A,PC Game (on Steam)
Late Hours,Main Game,2026-01-01,,,PC (Microsoft Windows),"Simulator, Adventure, Indie",Horror,,N/A,N/A,N/A,N/A,PC Game (on Steam)
Space Trench,Main Game,2026-01-02,,,PC (Microsoft Windows),"Shooter, Indie","Action, Horror","roguelike, steam achievements, steam cloud, roguelite",https://www.youtube.com/watch?v=Nc-O6kmiuQo,147,13,2025-12-05,PC Game (on Steam)
Journey Express,Main Game,2026-01-02,,,PC (Microsoft Windows),Adventure,,,N/A,N/A,N/A,N/A,PC Game (on Steam)
Ace of Space,Main Game,2026-01-02,,,"Linux, PC (Microsoft Windows)",Strategy,Action,,N/A,N/A,N/A,N/A,PC Game (on Steam)
Tin Lord,Main Game,2026-01-04,,,PC (Microsoft Windows),Strategy,,nextfest october 2025,https://www.youtube.com/watch?v=rprshDkIkdQ,2352,56,2025-10-07,PC Game (on Steam)
DuneCrawl,Main Game,2026-01-05,Alientrap,Alientrap,PC (Microsoft Windows),"Role-playing (RPG), Adventure, Indie",Action,"steam achievements, steam cloud, remote play, steam timeline",https://www.youtube.com/watch?v=ZtscwQeta5Y,675085,299,2025-11-25,PC Game (on Steam)
Retro Relics,Main Game,2026-01-05,,,PC (Microsoft Windows),Adventure,,,N/A,N/A,N/A,N/A,PC Game (on Steam)
Terra Invicta,Main Game,2026-01-05,Pavonis Interactive,Hooded Horse,PC (Microsoft Windows),"Simulator, Strategy, Tactical, Indie","Science fiction, Warfare","grand strategy, crowdfunding - kickstarter, alien invasion, crowdfunding, available on - pc gamepass",https://www.youtube.com/watch?v=YyI723sDBRc,14175,726,2025-12-15,PC Game (on Steam)
Clean Stack,Main Game,2026-01-05,,,PC (Microsoft Windows),"Strategy, Indie",,"casual, free-to-play",https://www.youtube.com/watch?v=YjIXPjlwIDw,42,6,2025-03-12,PC Game (on Steam)
StarRupture,Main Game,2026-01-06,Creepy Jar,Creepy Jar,PC (Microsoft Windows),"Simulator, Adventure, Indie",Action,,https://www.youtube.com/watch?v=25KyPKN-FD4,17743,639,2025-08-18,PC Game (on Steam)
Malón,Main Game,2026-01-06,,,PC (Microsoft Windows),"Strategy, Indie",Action,nextfest october 2025,N/A,N/A,N/A,N/A,PC Game (on Steam)
WriteNor,Main Game,2026-01-06,Terawww,Terawww,PC (Microsoft Windows),Adventure,Horror,"atmospheric, psychological, cosmic horror, fake glitch, meta, first on discord, coding",https://www.youtube.com/watch?v=SgnQiKniZ-A,14,2,2025-12-14,Non-Steam PC Game
Scam Line,Main Game,2026-01-07,,,PC (Microsoft Windows),Indie,,,N/A,N/A,N/A,N/A,PC Game (on Steam)
Blurry Shopping,Main Game,2026-01-07,Yugen Interactive,,PC (Microsoft Windows),"Puzzle, Simulator, Indie",Comedy,"shopping, blurry",N/A,N/A,N/A,N/A,Non-Steam PC Game
Bots & Mods,Main Game,2026-01-07,,,PC (Microsoft Windows),"Role-playing (RPG), Simulator, Indie",,,N/A,N/A,N/A,N/A,PC Game (on Steam)
Vital Shell,Main Game,2026-01-07,MarvinWizard,MarvinWizard,"Linux, PC (Microsoft Windows)",Role-playing (RPG),"Action, Science fiction","ps1 inspired, steam cloud, controller support, action roguelike, nextfest october 2025",https://www.youtube.com/watch?v=Hae2pmqner0,375,90,2025-12-15,PC Game (on Steam)
Oddcore,Main Game,2026-01-07,ODDCORP,Scarecrow Arts,PC (Microsoft Windows),"Shooter, Platform, Indie, Arcade",Action,"fast paced, arena shooter, 3d platformer, steam achievements, leaderboard, liminal space, backrooms, the backrooms, action roguelike, movement shooter, nextfest june 2025",https://www.youtube.com/watch?v=BydapotCjnk,381,33,2025-02-12,PC Game (on Steam)
Tiny Paws,Main Game,2026-01-07,,,"Linux, PC (Microsoft Windows), Mac","Simulator, Indie",,"steam achievements, nextfest october 2025",N/A,N/A,N/A,N/A,PC Game (on Steam)
Kejora,Main Game,2026-01-08,Berangin Creative,Berangin Creative,PC (Microsoft Windows),"Platform, Puzzle, Adventure, Indie",Action,"hand-drawn, nextfest february 2025",https://www.youtube.com/watch?v=LX3d0RS9zUI,10101,118,2025-09-16,PC Game (on Steam)
WTF Am I Playing?!,Main Game,2026-01-08,,Meka Games,"Android, PC (Microsoft Windows), iOS","Adventure, Indie, Arcade","Action, Comedy","chicken, funny, absurd, wtf, am, playing",https://www.youtube.com/watch?v=DGrvLrrTQzY,2628,100,2025-07-19,PC Game (on Steam)
There's No Differences: Cake,Main Game,2026-01-08,,,PC (Microsoft Windows),"Puzzle, Indie",,nextfest october 2025,N/A,N/A,N/A,N/A,PC Game (on Steam)
Pencil Stories,Main Game,2026-01-08,Phantom Island,Phantom Island,PC (Microsoft Windows),"Strategy, Adventure, Indie",,"steam achievements, nextfest october 2025",https://www.youtube.com/watch?v=Biv17yqTpug,13883,8,2025-12-11,PC Game (on Steam)
Pixelegend,Main Game,2026-01-08,,,PC (Microsoft Windows),"Role-playing (RPG), Adventure, Indie",Action,nextfest june 2025,N/A,N/A,N/A,N/A,PC Game (on Steam)
Chihuahua Controller,Main Game,2026-01-08,,,PC (Microsoft Windows),"Strategy, Indie",,nextfest october 2025,N/A,N/A,N/A,N/A,PC Game (on Steam)
Run Quad Run,Main Game,2026-01-08,,,PC (Microsoft Windows),"Puzzle, Adventure, Indie","Action, Survival","skill-based, parkour, runner, difficult",https://www.youtube.com/watch?v=UrEKnmcmrOk,37,1,2025-12-27,PC Game (on Steam)
Mate'Morphosis,Main Game,2026-01-08,,,"Linux, PC (Microsoft Windows), Mac","Strategy, Turn-based strategy (TBS), Indie",,"steam achievements, accessibility options, color alternatives, playable without timed input, mouse only option, custom volume controls, touch only option, keyboard only option, camera comfort, nextfest october 2025",https://www.youtube.com/watch?v=PIaZnfGgmSI,158,14,2025-09-12,PC Game (on Steam)
Kinsfolk,Main Game,2026-01-08,Vinko Kodzoman,Vinko Kodzoman,PC (Microsoft Windows),"Adventure, Indie",,"steam achievements, steam families",https://www.youtube.com/watch?v=M6U8b6jXgkY,7091,7,2024-12-24,PC Game (on Steam)
Ancient Farm,Main Game,2026-01-08,A2 Softworks,"PlayWay S.A., Ultimate Games S.A.",PC (Microsoft Windows),Simulator,Sandbox,farming simulator,N/A,N/A,N/A,N/A,PC Game (on Steam)
Damn Gravity!,Main Game,2026-01-09,,,PC (Microsoft Windows),"Adventure, Indie",Horror,nextfest october 2025,N/A,N/A,N/A,N/A,PC Game (on Steam)
Pathologic 3,Main Game,2026-01-09,Ice-Pick Lodge,HypeTrain Digital,"Xbox Series X|S, PC (Microsoft Windows), PlayStation 5","Role-playing (RPG), Simulator, Adventure, Indie","Horror, Thriller, Survival, Drama, Open world, Mystery","psychological horror, dystopian, simulation, surreal, immersive sim, nextfest october 2025",https://www.youtube.com/watch?v=XcgH-s7vgAY,31859,2095,2025-10-13,PC Game (on Steam)
Shadows of Soldiers,Main Game,2026-01-09,,,PC (Microsoft Windows),"Shooter, Strategy, Tactical","Action, Warfare","modern warfare, military, time manipulation, special forces, online, over the shoulder, modern military, upgradeable weapons, cover system, squad tactics, team deathmatch, weapon modification, invisibility, camouflage, conquest mode, in-app purchases",https://www.youtube.com/watch?v=-8-SOOu6eCk,3434,114,2025-06-08,PC Game (on Steam)
Frostrain2,Main Game,2026-01-09,nemonan,nemonan,PC (Microsoft Windows),"Simulator, Strategy, Indie",,,N/A,N/A,N/A,N/A,PC Game (on Steam)
Moving Simulator,Main Game,2026-01-09,Corpix Games,PlayWay S.A.,PC (Microsoft Windows),Simulator,"Business, Sandbox",,N/A,N/A,N/A,N/A,PC Game (on Steam)
The Promise Tree of Alden,Main Game,2026-01-09,Tonguç Bodur,Tonguç Bodur,PC (Microsoft Windows),Adventure,Drama,"walking simulator, atmospheric",N/A,N/A,N/A,N/A,PC Game (on Steam)
FodFru,Main Game,2026-01-10,NSTUDIOS GAMES,FODSOFT,"Android, PC (Microsoft Windows)","Platform, Adventure",Science fiction,,https://www.youtube.com/watch?v=zPQsFdGNB2o,83,5,2025-09-11,Non-Steam PC Game
Tatari,Main Game,2026-01-12,,,PC (Microsoft Windows),"Adventure, Indie",,,N/A,N/A,N/A,N/A,PC Game (on Steam)
Quarantine Zone: The Last Check,Main Game,2026-01-12,Brigada Games,"Devolver Digital, Brigada Games",PC (Microsoft Windows),"Simulator, Strategy, Indie","Action, Science fiction, Sandbox","post-apocalyptic, checkpoints, zombie virus, nextfest october 2025",https://www.youtube.com/watch?v=zT8ECnPXShk,4682,118,2025-12-16,PC Game (on Steam)
Word95,Main Game,2026-01-12,Rinanda Hidayat,Rinanda Hidayat,PC (Microsoft Windows),"Point-and-click, Indie, Arcade",,"word game, minigame collection, idle game, typing, idle, word search, incremental",https://www.youtube.com/watch?v=atkBnAE1RqU,688,41,2025-12-19,PC Game (on Steam)
Anxiety Arcade,Main Game,2026-01-12,,,PC (Microsoft Windows),Indie,,,https://www.youtube.com/watch?v=dcnR6Pc9Z5M,258,2,2025-11-20,PC Game (on Steam)
Arena of Suffering,Main Game,2026-01-13,,,PC (Microsoft Windows),"Role-playing (RPG), Strategy",,"steam achievements, accessibility options, playable without timed input, mouse only option, stereo sound, custom volume controls, keyboard only option, nextfest october 2025",N/A,N/A,N/A,N/A,PC Game (on Steam)
Hytale,Main Game,2026-01-13,Hypixel Studios,Hypixel Studios,PC (Microsoft Windows),"Role-playing (RPG), Adventure, Indie","Action, Fantasy, Sandbox",,https://www.youtube.com/watch?v=o77MzDQT1cg,61960161,657850,2018-12-13,Non-Steam PC Game
Hank: Drowning on Dry Land,Main Game,2026-01-13,,,PC (Microsoft Windows),"Adventure, Indie",,,https://www.youtube.com/watch?v=ceNhOwezR2E,736,15,2025-08-29,PC Game (on Steam)
Waves of Chess,Main Game,2026-01-13,Amusing Noodle Games,Amusing Noodle Games,PC (Microsoft Windows),"Strategy, Indie, Arcade, Card & Board Game",Science fiction,"2d, chess, roguelike, isometric",https://www.youtube.com/watch?v=Wo_j4BbpIhI,140,0,2025-11-07,PC Game (on Steam)
Mimetic,Main Game,2026-01-13,Clocknotionstudio,Clocknotionstudio,PC (Microsoft Windows),"Indie, Arcade",Party,,https://www.youtube.com/watch?v=lZ_D6kSthSE,93,9,2025-12-19,Non-Steam PC Game
Kings & Savages,Main Game,2026-01-14,Marco José Pereira,Marco José Pereira,PC (Microsoft Windows),"Strategy, Tactical, Indie","Action, Fantasy","auto battler, ai-generated artwork",N/A,N/A,N/A,N/A,PC Game (on Steam)
Perfore the Perforien Request,Main Game,2026-01-14,,,PC (Microsoft Windows),"Adventure, Indie",,"adjustable difficulty, accessibility options, save anytime, playable without timed input, keyboard only option, nextfest october 2025",N/A,N/A,N/A,N/A,PC Game (on Steam)
Streetdog BMX,Main Game,2026-01-14,Yeah Us! Games,Null Games,"PlayStation 4, PC (Microsoft Windows), Xbox One, Nintendo Switch","Sport, Indie",,,https://www.youtube.com/watch?v=oVAw5zlOI1g,96742,199,2025-11-05,PC Game (on Steam)
Wartheon,Main Game,2026-01-14,,,PC (Microsoft Windows),"Role-playing (RPG), Adventure, Indie",Action,"retro, roguelike, dark fantasy, combat, cartoon, 2d rpg, top-down",https://www.youtube.com/watch?v=DsD87DUfFnU,75,5,2025-09-16,PC Game (on Steam)
Loop: New Reality,Main Game,2026-01-15,Purple Void Studios,,PC (Microsoft Windows),"Shooter, Platform, Puzzle, Adventure, Indie","Action, Science fiction, Horror, Survival, Mystery","psychological exploration, story driven, resource management, explorable world, survival horror, cosmic horror, physics puzzles, puzzle platformer, resource gathering, bad endings with story, liminal space, world exploration, collecting items",https://www.youtube.com/watch?v=OWrX1u9tIPM,48,2,2023-12-27,Non-Steam PC Game
Cube Dungeon,Main Game,2026-01-15,,,PC (Microsoft Windows),"Role-playing (RPG), Adventure, Indie",,"steam achievements, adjustable difficulty, accessibility options, playable without timed input, stereo sound, custom volume controls, nextfest october 2025",N/A,N/A,N/A,N/A,PC Game (on Steam)
One Turn Kill,Main Game,2026-01-15,,,PC (Microsoft Windows),Strategy,,,N/A,N/A,N/A,N/A,PC Game (on Steam)
Solitary in the Library,Main Game,2026-01-15,ChocoMame,ChocoMame,PC (Microsoft Windows),Adventure,"Action, Horror",,N/A,N/A,N/A,N/A,PC Game (on Steam)
TBH: Task Bar Hero,Main Game,2026-01-15,,,PC (Microsoft Windows),"Role-playing (RPG), Indie",,nextfest october 2025,N/A,N/A,N/A,N/A,PC Game (on Steam)
Serial Lover,Main Game,2026-01-15,Sugar Slip,,PC (Microsoft Windows),"Music, Indie, Visual Novel","Horror, Erotic, Mystery, Romance",,https://www.youtube.com/watch?v=Ja0bWpz7Scw,1728,206,2025-12-04,PC Game (on Steam)
Cassette Boy,Main Game,2026-01-15,WonderlandKazakiri,WonderlandKazakiri,"PC (Microsoft Windows), PlayStation 5, Nintendo Switch","Role-playing (RPG), Adventure, Indie",Action,"steam achievements, steam cloud, rotation",https://www.youtube.com/watch?v=Ic71W0L8SMo,8603,629,2025-12-07,PC Game (on Steam)
Craftlings,Main Game,2026-01-15,ARIANO Games,Raw Fury,PC (Microsoft Windows),"Simulator, Strategy","Comedy, Business","resource management, restaurant, pixel graphics, base building, relaxing, automation, restaurant management",https://www.youtube.com/watch?v=akpP-1lRKDw,1132,23,2025-12-11,PC Game (on Steam)
Frontline Command,Main Game,2026-01-15,,,"Linux, PC (Microsoft Windows)","Strategy, Indie",Action,,N/A,N/A,N/A,N/A,PC Game (on Steam)
Super Woden: Rally Edge,Main Game,2026-01-15,,,PC (Microsoft Windows),"Racing, Sport, Indie",,,N/A,N/A,N/A,N/A,PC Game (on Steam)
Kotama&Academy Citadel,Main Game,2026-01-15,,2P Games,PC (Microsoft Windows),"Platform, Adventure, Indie","Action, Science fiction","exploration, anime",https://www.youtube.com/watch?v=zoiwFtJ_tQk,1786,45,2025-12-17,PC Game (on Steam)
Philna Fantasy,Main Game,2026-01-15,,,PC (Microsoft Windows),"Role-playing (RPG), Adventure, Indie",Action,nextfest october 2025,N/A,N/A,N/A,N/A,PC Game (on Steam)
Tabulo,Main Game,2026-01-15,Noah Games,Noah Games,"Linux, PC (Microsoft Windows), Mac","Strategy, Turn-based strategy (TBS), Indie, Card & Board Game",,"chess, roguelike, roguelike deckbuilder, nextfest october 2025",N/A,N/A,N/A,N/A,PC Game (on Steam)
Ghetto Zombies: Graffiti Squad,Main Game,2026-01-16,Fogo Games,Nuntius Games,"Xbox Series X|S, PlayStation 4, PC (Microsoft Windows), PlayStation 5, Xbox One, Nintendo Switch","Shooter, Indie","Action, Science fiction, Survival",zombie shooter,https://www.youtube.com/watch?v=g2l_Kr2PKPc,107,20,2025-12-10,PC Game (on Steam)
Factory Planner,Main Game,2026-01-16,Lebleby Games,Red Axe Games,PC (Microsoft Windows),"Simulator, Strategy, Indie",,,N/A,N/A,N/A,N/A,PC Game (on Steam)
Installation 19,Main Game,2026-01-19,,,"Linux, PC (Microsoft Windows)","Simulator, Adventure, Indie",Horror,"steam achievements, nextfest october 2025",N/A,N/A,N/A,N/A,PC Game (on Steam)
On-Together,Main Game,2026-01-19,,,PC (Microsoft Windows),"Simulator, Indie",,,https://www.youtube.com/watch?v=D8ZPfHpEcG0,1908,76,2025-06-07,Non-Steam PC Game
Hungry Horrors,Main Game,2026-01-19,Clumsy Bear Studio,Clumsy Bear Studio,"Linux, PC (Microsoft Windows), Mac","Strategy, Turn-based strategy (TBS), Adventure, Indie, Card & Board Game",Fantasy,"medieval, 2d, turn-based, cooking, mythology, celtic mythology, turn-based combat, creature compendium, roguelite, deck-building, roguelike deckbuilder, irish mythology, deckbuilder, high fantasy",https://www.youtube.com/watch?v=s0D9rhAFbBE,103,12,2025-12-18,PC Game (on Steam)
Threshold of Judgement,Main Game,2026-01-19,,HeadArrow,PC (Microsoft Windows),,,,N/A,N/A,N/A,N/A,Non-Steam PC Game
Buddies in a Ball,Main Game,2026-01-20,,,PC (Microsoft Windows),Indie,Party,,https://www.youtube.com/watch?v=cqkwqhOTnXQ,53,1,2025-05-20,PC Game (on Steam)
Rogue Factory,Main Game,2026-01-20,,,PC (Microsoft Windows),"Simulator, Indie",Action,"automation, action roguelike",https://www.youtube.com/watch?v=7GmhGbojdMY,228,5,2025-06-08,PC Game (on Steam)
Souper Game,Main Game,2026-01-20,SinBeans Studio,SinBeans Studio,"Android, PC (Microsoft Windows)","Simulator, Indie, Arcade, Visual Novel","Fantasy, Comedy, Erotic",streamer-friendly mode,https://www.youtube.com/watch?v=sG9Bn6u7grU,104,3,2025-06-05,PC Game (on Steam)
Little Squirrel Cabin,Main Game,2026-01-20,,,PC (Microsoft Windows),"Platform, Adventure, Indie","Action, Horror, Survival, Sandbox, Mystery","exploration, psychological horror, detective, 2d, difficult, pixel graphics, survival horror",https://www.youtube.com/watch?v=_izJcaxIT7U,436,0,2025-11-15,PC Game (on Steam)
Hack and Climb,Main Game,2026-01-20,Kodachi Games,Kodachi Games,"Web browser, PC (Microsoft Windows)","Platform, Adventure, Indie",,"physics-based platformer, indie developer, rage game, foddian, jump game, axe",https://www.youtube.com/watch?v=lmaF9Xo5c_g,135,12,2025-12-10,PC Game (on Steam)
Blightstone,Main Game,2026-01-20,Unfinished Pixel,Unfinished Pixel,PC (Microsoft Windows),"Role-playing (RPG), Strategy, Adventure, Indie",Fantasy,"roguelike, dark fantasy, steam achievements",https://www.youtube.com/watch?v=VCXUYaFESuk,5024,113,2024-11-21,PC Game (on Steam)
Gem Miner TD,Main Game,2026-01-20,iFeral Games,,"Linux, Android, PC (Microsoft Windows), iOS, Mac","Strategy, Indie",Fantasy,"tower defense, maze, miner",https://www.youtube.com/watch?v=-24Ia3wYO70,844,15,2025-01-28,PC Game (on Steam)
Professor Galaktionov Dawn of the Robopocalypse,Main Game,2026-01-20,Retrohard Games,Retrohard Games,PC (Microsoft Windows),"Adventure, Indie",,,N/A,N/A,N/A,N/A,PC Game (on Steam)
Elengard: Ascension,Main Game,2026-01-20,Stèphano M. M. G.,Stèphano M. M. G.,PC (Microsoft Windows),"Role-playing (RPG), Strategy, Adventure","Action, Fantasy","character customization, character creation, pausable real time combat, party-based rpg, ai-generated voices, nextfest june 2025",https://www.youtube.com/watch?v=CIPxswHwkns,603,15,2025-06-08,PC Game (on Steam)
It Consumes,Main Game,2026-01-21,,,PC (Microsoft Windows),Shooter,Action,"bullet hell, bullet heaven, action roguelike",N/A,N/A,N/A,N/A,PC Game (on Steam)
Sorrow: Rise of Divinity,Main Game,2026-01-21,,,"PC (Microsoft Windows), Mac","Racing, Role-playing (RPG), Simulator, Sport, Strategy, Adventure, Indie",Action,"steam achievements, nextfest october 2025",N/A,N/A,N/A,N/A,PC Game (on Steam)
Lort,Main Game,2026-01-21,Big Distraction,Big Distraction,PC (Microsoft Windows),Indie,Action,"online co-op, roguelite, action roguelite",https://www.youtube.com/watch?v=tU76U-7mxUM,253886,115,2025-05-27,PC Game (on Steam)
Gooey,Main Game,2026-01-21,OG Pixel,,"PC (Microsoft Windows), Mac","Platform, Indie, Arcade",Action,"level editor, physics-based platformer, 2d platformer, steam workshop",https://www.youtube.com/watch?v=ji2iQAV0Dz0,351,8,2025-07-09,PC Game (on Steam)
Caution Ahead: Part 2,Main Game,2026-01-21,Ionic Relay,Ionic Relay,PC (Microsoft Windows),"Adventure, Indie","Horror, Survival, Stealth, Mystery","narration, free demo, nextfest june 2025",https://www.youtube.com/watch?v=ik6h6LV4JCU,65,3,2024-06-05,PC Game (on Steam)
Tailside: Cozy Cafe Sim,Main Game,2026-01-21,,,PC (Microsoft Windows),"Role-playing (RPG), Simulator, Adventure, Indie",Business,"fox, cozy, coffee, cafe",https://www.youtube.com/watch?v=PSPc-Y9j6yY,5507,15,2024-10-22,PC Game (on Steam)
Hermit and Pig,Main Game,2026-01-22,Heavy Lunch Studio LLC,Heavy Lunch Studio LLC,"PC (Microsoft Windows), Mac","Role-playing (RPG), Adventure","Action, Comedy","atmospheric, pixel graphics, coloful, adjustable difficulty, accessibility options, steam families, color alternatives, custom volume controls, keyboard only option, camera comfort",https://www.youtube.com/watch?v=AhQOCa-pksw,180,4,2025-09-18,PC Game (on Steam)
Nova Roma,Main Game,2026-01-22,Lion Shield,Hooded Horse,"Linux, PC (Microsoft Windows), Mac","Simulator, Strategy","Historical, Open world",,https://www.youtube.com/watch?v=P0Is5zmKugs,2895,155,2025-10-23,PC Game (on Steam)
Destroyer Burger,Main Game,2026-01-22,,Fennonauts,PC (Microsoft Windows),"Simulator, Indie",,nextfest june 2025,N/A,N/A,N/A,N/A,PC Game (on Steam)
Turnbound,Main Game,2026-01-22,1TK Games,1TK Games,"Linux, PC (Microsoft Windows), Mac","Strategy, Turn-based strategy (TBS), Tactical, Indie, Card & Board Game","Fantasy, Horror, Comedy, Mystery","turn-based, turn-based tactics, inventory management, tactical turn-based combat, cat, organization, autobattler, boardgames, asynchronous multiplayer",https://www.youtube.com/watch?v=mkGmCukxzgU,518,7,2025-12-11,PC Game (on Steam)
Dead Engine,Main Game,2026-01-22,Chocolate Dungeon Games,Red Axe Games,PC (Microsoft Windows),"Strategy, Adventure, Indie",Action,"zombies, post-apocalyptic, nextfest june 2025",N/A,N/A,N/A,N/A,PC Game (on Steam)
Our Journey: The Silent Voice,Main Game,2026-01-22,Double Machine,,PC (Microsoft Windows),"Puzzle, Adventure, Card & Board Game",Mystery,,https://www.youtube.com/watch?v=8Vh1dLUC59s,328,5,2025-05-30,PC Game (on Steam)
RogueJack21,Main Game,2026-01-22,,,PC (Microsoft Windows),"Strategy, Indie, Card & Board Game",,,https://www.youtube.com/watch?v=Ec0kNEEG0po,6,0,2025-05-05,PC Game (on Steam)
Banquet for Fools,Main Game,2026-01-23,,,PC (Microsoft Windows),"Role-playing (RPG), Strategy, Adventure","Action, Fantasy","crpg, dark fantasy",https://www.youtube.com/watch?v=O6Xn1V-Np6k,21896,1502,2025-09-29,PC Game (on Steam)
StarMoon Forest,Main Game,2026-01-23,,,PC (Microsoft Windows),"Simulator, Indie",,"female protagonist, farming, cute, pixel graphics",N/A,N/A,N/A,N/A,PC Game (on Steam)
Embers of the Night,Main Game,2026-01-23,,,PC (Microsoft Windows),"Role-playing (RPG), Simulator, Adventure",,nextfest june 2025,N/A,N/A,N/A,N/A,PC Game (on Steam)
Wicked Seed,Main Game,2026-01-23,Dead Right Games,,PC (Microsoft Windows),"Role-playing (RPG), Adventure, Indie","Action, Horror, Survival","female protagonist, supernatural, survival horror, action combat, turn-based rpg, ai-generated voices, ai-generated concepts, nextfest june 2025",N/A,N/A,N/A,N/A,PC Game (on Steam)
Bianka Lovesick,Main Game,2026-01-23,Nymph Circus,Nymph Circus,PC (Microsoft Windows),"Adventure, Indie","Horror, Survival","zombies, survival horror",https://www.youtube.com/watch?v=cQ-qOUju7vQ,85,2,2025-05-16,PC Game (on Steam)
Breath of Life,Main Game,2026-01-23,Satur Entertainment,Satur Entertainment,PC (Microsoft Windows),"Role-playing (RPG), Hack and slash/Beat 'em up, Adventure, Indie","Action, Fantasy","dark fantasy, female protagonist, steam achievements, xbox controller support for pc, steam cloud, nextfest october 2025",N/A,N/A,N/A,N/A,PC Game (on Steam)
Zory,Main Game,2026-01-23,,,PC (Microsoft Windows),"Role-playing (RPG), Simulator, Adventure, Indie",Action,slavic folklore,N/A,N/A,N/A,N/A,PC Game (on Steam)
Universal Car Ball,Main Game,2026-01-26,,,PC (Microsoft Windows),"Racing, Sport, Indie",,,N/A,N/A,N/A,N/A,PC Game (on Steam)
Slime Attack: Survivor,Main Game,2026-01-26,,,PC (Microsoft Windows),"Fighting, Role-playing (RPG), Adventure, Indie, Arcade","Action, Fantasy","2d, roguelike, bullet hell, arena shooter, 2d fighter, indiedb, roguelite, 2d art, bullet heaven, action roguelike, 2d rpg, action-rpg, top-down",https://www.youtube.com/watch?v=HMO8yD4Y6o0,160,7,2025-01-22,PC Game (on Steam)
Adaptory,Main Game,2026-01-26,Stormcloak Games,indie.io,"PC (Microsoft Windows), Mac","Simulator, Indie","Survival, Sandbox","physics, resource management, building, base building, chemistry, story rich, automation, colony simulator",https://www.youtube.com/watch?v=Hh923fZ4S6s,349,6,2025-12-09,PC Game (on Steam)
Haifa,Main Game,2026-01-26,,,PC (Microsoft Windows),Indie,,,N/A,N/A,N/A,N/A,PC Game (on Steam)
Chromatic Conundrum,Main Game,2026-01-26,,,PC (Microsoft Windows),"Adventure, Indie",,,N/A,N/A,N/A,N/A,PC Game (on Steam)
Game With Balls,Main Game,2026-01-26,,,PC (Microsoft Windows),"Puzzle, Indie",Action,"steam deck, controller required",https://www.youtube.com/watch?v=COFW7NBFPh0,1114,126,2025-11-30,PC Game (on Steam)
The Spirit Lift,Main Game,2026-01-27,prettysmart games,prettysmart games,PC (Microsoft Windows),"Strategy, Adventure",Horror,,https://www.youtube.com/watch?v=MO5mlT2nGJI,56,6,2025-10-24,PC Game (on Steam)
InOut,Main Game,2026-01-27,"Bora Kara, Feyyaz Kucuk","Bora Kara, Feyyaz Kucuk","PC (Microsoft Windows), Mac","Adventure, Indie",,,N/A,N/A,N/A,N/A,PC Game (on Steam)
Steel Century Groove,Main Game,2026-01-28,Sloth Gloss Games,Sloth Gloss Games,PC (Microsoft Windows),"Role-playing (RPG), Adventure",,,https://www.youtube.com/watch?v=a5I9LWU4NEc,4257,270,2025-09-02,PC Game (on Steam)
Shattered Dreams: Redemption,Main Game,2026-01-28,,,"Linux, PC (Microsoft Windows)","Indie, Visual Novel",Romance,"nsfw option exists, nextfest october 2025",N/A,N/A,N/A,N/A,PC Game (on Steam)
The Reflex Lab,Main Game,2026-01-28,,,PC (Microsoft Windows),,,nextfest october 2025,N/A,N/A,N/A,N/A,PC Game (on Steam)
Chronicles of Childhood,Main Game,2026-01-28,,,PC (Microsoft Windows),"Adventure, Indie",Action,nextfest october 2025,N/A,N/A,N/A,N/A,PC Game (on Steam)
Omi Oh My AI,Main Game,2026-01-28,EverySecond Studio,EverySecond Studio,PC (Microsoft Windows),"Puzzle, Indie",Science fiction,,https://www.youtube.com/watch?v=aM9iVt70QmI,189,9,2025-12-04,PC Game (on Steam)
Car Service Together,Main Game,2026-01-28,,,PC (Microsoft Windows),"Racing, Simulator, Indie",,"ai-generated artwork, nextfest june 2025",https://www.youtube.com/watch?v=pZj6_8kkK7w,2396,32,2025-10-06,PC Game (on Steam)
City Tales: Medieval Era,Main Game,2026-01-29,Irregular Shapes,Firesquid,PC (Microsoft Windows),"Simulator, Strategy, Indie",Business,"medieval, procedural generation, resource management, city builder, steam cloud",https://www.youtube.com/watch?v=qlK5_Ntyb6U,109,5,2025-11-18,PC Game (on Steam)
True Vikings,Main Game,2026-01-29,Hamsters Gaming,Hamsters Gaming,PC (Microsoft Windows),"Role-playing (RPG), Simulator, Adventure",,"ai-generated artwork, steam families",https://www.youtube.com/watch?v=nlrfmIboTbM,35,1,2025-11-21,PC Game (on Steam)
The Midnight Walkers,Main Game,2026-01-29,Oneway Ticket Studio,Oneway Ticket Studio,"Xbox Series X|S, PC (Microsoft Windows), PlayStation 5","Shooter, Role-playing (RPG), Hack and slash/Beat 'em up, Indie","Action, Horror, Survival","zombies, pve, pvpve, extraction, extraction shooter",https://www.youtube.com/watch?v=EHkAKLQpJZk,50616,705,2025-08-01,PC Game (on Steam)
"Don't Stop, Girlypop!",Main Game,2026-01-29,Funny Fintan Softworks,Kwalee,PC (Microsoft Windows),"Shooter, Adventure, Indie",Action,,https://www.youtube.com/watch?v=7bEzS_G-MrU,26282,619,2025-12-01,PC Game (on Steam)
Bento Blocks,Main Game,2026-01-29,,,PC (Microsoft Windows),"Puzzle, Indie",,,https://www.youtube.com/watch?v=GkY27cluLhI,72,1,2025-12-09,PC Game (on Steam)
Jump Frog,Main Game,2026-01-30,,,PC (Microsoft Windows),"Strategy, Adventure, Indie",Horror,nextfest october 2025,N/A,N/A,N/A,N/A,PC Game (on Steam)
Folklore Hunter,Main Game,2026-01-30,,,"Xbox Series X|S, PC (Microsoft Windows), PlayStation 5, Nintendo Switch",Indie,Action,,https://www.youtube.com/watch?v=UMFv7KvgPqc,1999,64,2025-10-23,PC Game (on Steam)
RLLL: Tower of Choices,Main Game,2026-01-30,,,PC (Microsoft Windows),"Role-playing (RPG), Strategy, Turn-based strategy (TBS), Indie",Fantasy,"steam achievements, steam families",https://www.youtube.com/watch?v=8Q862KbXqfE,22,0,2025-11-29,PC Game (on Steam)
Prophecy of Ashen,Main Game,2026-01-30,,,PC (Microsoft Windows),"Role-playing (RPG), Turn-based strategy (TBS), Adventure, Indie",Fantasy,"medieval, politics, magic, dragons, dark fantasy, multiple endings, turn-based tactics, corruption, meaningful choices, party-based rpg, nextfest june 2025",N/A,N/A,N/A,N/A,PC Game (on Steam)
Net.Crawl,Main Game,2026-01-30,,,"PC (Microsoft Windows), Mac","Puzzle, Strategy, Indie, Card & Board Game",,,https://www.youtube.com/watch?v=E9L5xb1bapU,232,7,2024-11-22,PC Game (on Steam)
Day of Light,Main Game,2026-01-30,Vicinity Games,Vicinity Games,PC (Microsoft Windows),"Platform, Strategy, Indie",Action,hand-drawn,N/A,N/A,N/A,N/A,PC Game (on Steam)
