AppId,Name,FollowerCount,Genres,Categories,IGDB_Genres,IGDB_Themes,IGDB_Keywords,ExactMatch,ScrapedName,ReleaseDate,ParsedDate,YoutubeURL,YoutubeViewCount,YoutubeLikeCount,ScrapingError,Developers,IsFullyProcessed,Publishers,ReleaseInfo,date_appended
1609270,?????: ????????? ~ Touhou Koi-Mystery: Legend and Fantasy of Monsters,1709,"Adventure, Casual, Indie, RPG, Strategy","Single-player, Steam Achievements, Full controller support, Adjustable Text Size, Color Alternatives, Custom Volume Controls, Keyboard Only Option, Mouse Only Option, Playable without Timed Input, Save Anytime, Subtitle Options, Steam Cloud, Family Sharing","Adventure, Indie, Strategy",,,True,東方恋迷跡: 妖怪伝説と幻想の旅 ~ Touhou Koi-Mystery: Legend and Fantasy of Monsters,14-05-2026,2026-05-14T00:00:00,,0,0,,地霊研究院,True,"地霊研究院, ZRIGN",{},2026-04-23
896010,Clockwork Ambrosia,1466,"Action, Adventure, Indie, RPG","Single-player, Full controller support, Family Sharing","Adventure, Indie, Platform, Shooter",Action,,True,Ambrosia,22-04-2026,2026-04-22T00:00:00,https://www.youtube.com/watch?v=J08uEwMx4U4,1562,56,,Realmsoft,True,OI Games,"{'original_release_date': 'May 12, 2026', 'original_platforms': ['PC (Microsoft Windows)'], 'ports': []}",2026-04-23
2760560,Cthulhu: The Cosmic Abyss,14503,Adventure,"Single-player, Family Sharing",Adventure,"Horror, Science fiction, Thriller",,True,Cthulhu: The Cosmic Abyss,16-04-2026,2026-04-16T00:00:00,https://www.youtube.com/watch?v=ThN3eSfWqUo,35277,1055,,Big Bad Wolf,True,Nacon,"{'original_release_date': 'Apr 16, 2026', 'original_platforms': ['PC (Microsoft Windows)', 'PlayStation 5', 'Xbox Series X|S'], 'ports': []}",2026-04-23
3989810,FUTA FUCKS FEMBOYS,3562,"Adventure, Indie, RPG","Single-player, Steam Achievements, Custom Volume Controls, Adjustable Difficulty, Save Anytime, Family Sharing","Adventure, Card & Board Game, Indie, Role-playing (RPG), Simulator, Visual Novel",Erotic,"2d, adult, adult content, casual, dating sim, deck-building, nextfest february 2026, nsfw, nudity, steam achievements",True,,01-05-2026,2026-05-01T00:00:00,,0,0,,Horny Capybara Studio,True,Horny Capybara Studio,"{'original_release_date': 'May 15, 2026', 'original_platforms': ['PC (Microsoft Windows)'], 'ports': []}",2026-04-23
2353060,Invincible VS,11512,"Action, Adventure","Single-player, Multi-player, PvP, Online PvP, Co-op, Online Co-op, Cross-Platform Multiplayer, Steam Achievements, Full controller support, Family Sharing",Fighting,Action,"street fighting, superhero, tag",True,Invincible VS,30-04-2026,2026-04-30T00:00:00,https://www.youtube.com/watch?v=X3CCw--KMAM,627745,14819,,Quarter Up,True,Skybound Games,"{'original_release_date': 'Apr 30, 2026', 'original_platforms': ['PC (Microsoft Windows)', 'PlayStation 5', 'Xbox Series X|S'], 'ports': []}",2026-04-23
2434600,ShantyTown,3976,"Casual, Indie, Simulation","Single-player, Family Sharing","Indie, Simulator",Sandbox,"city builder, cozy, indiedb, relaxing",True,ShantyTown,16-04-2026,2026-04-16T00:00:00,https://www.youtube.com/watch?v=kUTpPe1_MFc,56,0,,Erik Rempen,True,Kinephantom Games,"{'original_release_date': 'Apr 16, 2026', 'original_platforms': ['PC (Microsoft Windows)'], 'ports': []}",2026-04-23
3357650,PRAGMATA,122579,"Action, Adventure","Single-player, Steam Achievements, Full controller support, Captions available, In-App Purchases, Steam Cloud, HDR available, Family Sharing","Adventure, Shooter","Action, Science fiction",multiple protagonists,True,PRAGMATA,23-04-2026,2026-04-23T00:00:00,https://www.youtube.com/watch?v=0FTq_snLzIw,40801,1677,,"CAPCOM Co., Ltd.",True,"CAPCOM Co., Ltd.","{'original_release_date': 'Apr 17, 2026', 'original_platforms': ['Nintendo Switch 2', 'PC (Microsoft Windows)', 'PlayStation 5', 'Xbox Series X|S'], 'ports': []}",2026-04-23
3882650,Kingdom's Return: Time-Eating Fruit and the Ancient Monster,1523,"Action, RPG","Single-player, Steam Achievements, Full controller support, Family Sharing","Role-playing (RPG), Simulator, Strategy","Action, Fantasy","anime, city builder, pixel graphics",True,,23-04-2026,2026-04-23T00:00:00,https://www.youtube.com/watch?v=uOW6WmLpUkU,77202,3338,,"INTI CREATES CO., LTD.",True,"INTI CREATES CO., LTD.","{'original_release_date': 'Apr 23, 2026', 'original_platforms': ['Nintendo Switch', 'Nintendo Switch 2', 'PC (Microsoft Windows)', 'PlayStation 5', 'Xbox Series X|S'], 'ports': []}",2026-04-23
4134900,CuckTales 2 ??,1215,"Adventure, Indie, Simulation","Single-player, Steam Achievements, Family Sharing",,,,True,,30-04-2026,2026-04-30T00:00:00,,0,0,,Late Night Studios,True,Late Night Studios,{},2026-04-23
1889810,Bobo Bay,2020,"Casual, Indie, Racing, Simulation, Sports","Single-player, Steam Achievements, Full controller support, Steam Cloud, Family Sharing","Indie, Racing, Simulator, Sport",,,True,,29-04-2026,2026-04-29T00:00:00,https://www.youtube.com/watch?v=yjX7hTaIE98,524,30,,NewFutureKids,True,NewFutureKids,"{'original_release_date': 'Apr 29, 2026', 'original_platforms': ['PC (Microsoft Windows)'], 'ports': []}",2026-04-23
2091020,Blades of Fire,2621,"Action, Adventure","Single-player, Steam Achievements, Full controller support, Captions available, Steam Cloud, Family Sharing","Role-playing (RPG), Strategy","Action, Historical, Sandbox",previously on - gametap,True,,14-05-2026,2026-05-14T00:00:00,https://www.youtube.com/watch?v=45xb4aAFumg,121292,396,,MercurySteam,True,505 Games,"{'original_release_date': 'May 03, 2011', 'original_platforms': ['PC (Microsoft Windows)'], 'ports': [{'platform': 'PC (Microsoft Windows)', 'release_date': 'Sep 30, 2011'}]}",2026-04-23
3165650,Masters of Albion,17929,"Simulation, Strategy","Single-player, Family Sharing","Simulator, Strategy",,,True,Masters of Albion,22-04-2026,2026-04-22T00:00:00,https://www.youtube.com/watch?v=CSLGKKAuZwo,18273,151,,22cans,True,22cans,"{'original_release_date': 'Apr 22, 2026', 'original_platforms': ['Mac', 'PC (Microsoft Windows)'], 'ports': []}",2026-04-23
3390880,CAPTURED 2,1233,Action,"Single-player, Steam Achievements, Full controller support, Steam Cloud, Family Sharing",,"Action, Horror",nextfest february 2026,True,CAPTURED 2,22-04-2026,2026-04-22T00:00:00,,0,0,,Puck Redflix,True,Puck Games,"{'original_release_date': 'Apr 22, 2026', 'original_platforms': ['PC (Microsoft Windows)'], 'ports': []}",2026-04-23
1290760,Gecko Gods,9093,"Action, Adventure, Indie","Single-player, Steam Achievements, Full controller support, Steam Cloud, Family Sharing","Adventure, Indie, Platform, Puzzle","Action, Historical, Mystery, Open world","3d, nature",True,Gecko Gods,16-04-2026,2026-04-16T00:00:00,https://www.youtube.com/watch?v=HRERWhCupOM,8911,187,,Inresin,True,"Super Rare Originals, Gamersky Games","{'original_release_date': 'Apr 16, 2026', 'original_platforms': ['Nintendo Switch', 'PC (Microsoft Windows)', 'PlayStation 5'], 'ports': []}",2026-04-23
1346290,Jay and Silent Bob: Chronic Blunt Punch,2871,"Action, Indie","Single-player, Multi-player, Co-op, Shared/Split Screen Co-op, Shared/Split Screen, Steam Achievements, Full controller support, Remote Play Together, Family Sharing","Arcade, Fighting, Hack and slash/Beat 'em up, Indie",Action,"2.5d, brawler, crowdfunding",True,Jay and Silent Bob: Chronic Blunt Punch,20-04-2026,2026-04-20T00:00:00,https://www.youtube.com/watch?v=QZ8jSl4m0e4,106048,555,,Interabang Entertainment,True,"Atari, Digital Eclipse, The MIX GAMES","{'original_release_date': 'Apr 20, 2026', 'original_platforms': ['Nintendo Switch', 'PC (Microsoft Windows)', 'PlayStation 4', 'PlayStation 5', 'Xbox Series X|S'], 'ports': []}",2026-04-23
2432240,Smash it Wild: Tactical Volleyball Roguelike,2153,"RPG, Sports, Strategy","Single-player, Family Sharing",,,,True,Smash it Wild,16-04-2026,2026-04-16T00:00:00,,0,0,,"Goblinz Studio, Ernestine",True,Goblinz Publishing,{},2026-04-23
2536670,Project Vesperi,1309,"Action, Adventure","Single-player, Steam Achievements, Full controller support, Camera Comfort, Custom Volume Controls, Playable without Timed Input, Save Anytime, Subtitle Options, Steam Cloud, Family Sharing",Adventure,"Action, Science fiction","female protagonist, meaningful choices, multiple endings",True,Project Vesperi,24-04-2026,2026-04-24T00:00:00,https://www.youtube.com/watch?v=7g5KHAhZfQQ,3765,81,,Last Praetorian Interactive LLC,True,Last Praetorian Interactive LLC,"{'original_release_date': 'Apr 24, 2026', 'original_platforms': ['PC (Microsoft Windows)'], 'ports': []}",2026-04-23
2582320,Mixtape,8470,"Adventure, Indie","Single-player, Steam Achievements, Full controller support, Steam Cloud, Family Sharing","Adventure, Indie, Music",,,True,Mixtape,07-05-2026,2026-05-07T00:00:00,https://www.youtube.com/watch?v=cCTH8R6RD74,179733,7725,,Beethoven and Dinosaur,True,Annapurna Interactive,"{'original_release_date': 'May 07, 2026', 'original_platforms': ['Nintendo Switch 2', 'PC (Microsoft Windows)', 'PlayStation 5', 'Xbox Series X|S'], 'ports': []}",2026-04-23
2681030,Outbound,62675,"Adventure, Casual, Indie, Simulation, Sports","Single-player, Multi-player, Co-op, Online Co-op, Steam Achievements, Full controller support, Camera Comfort, Custom Volume Controls, Playable without Timed Input, Stereo Sound, Steam Cloud, Family Sharing","Adventure, Indie, Simulator",Open world,"automation, base building, building, camper van, camping, crafting, exploration, grow, utopian future",True,Outbound,23-04-2026,2026-04-23T00:00:00,https://www.youtube.com/watch?v=_SZZosjkD5A,497658,12077,,Square Glade Games,True,Square Glade Games,"{'original_release_date': 'Apr 10, 2025', 'original_platforms': ['PC (Microsoft Windows)'], 'ports': [{'platform': 'Nintendo Switch', 'release_date': 'May 14, 2026'}, {'platform': 'Nintendo Switch 2', 'release_date': 'May 14, 2026'}, {'platform': 'PC (Microsoft Windows)', 'release_date': 'May 14, 2026'}, {'platform': 'PlayStation 5', 'release_date': 'May 14, 2026'}, {'platform': 'Xbox One', 'release_date': 'May 14, 2026'}, {'platform': 'Xbox Series X|S', 'release_date': 'May 14, 2026'}]}",2026-04-23
2704090,Celestial Return,1271,"Adventure, Indie, RPG","Single-player, Steam Achievements, Family Sharing","Adventure, Indie, Role-playing (RPG), Visual Novel",Science fiction,"crowdfunding - kickstarter, cyberpunk rpg, hand-drawn, indie developer, meaningful choices, narrative-driven",True,Celestial Return,07-05-2026,2026-05-07T00:00:00,https://www.youtube.com/watch?v=XoIyzGt_s5A,1132,37,,Metaphor Games,True,Shoreline Games,{},2026-04-23
2723430,inKONBINI: One Store. Many Stories,12686,"Adventure, Casual, Indie, Simulation","Single-player, Steam Achievements, Full controller support, Steam Cloud, Family Sharing",,,,True,,30-04-2026,2026-04-30T00:00:00,,0,0,,Nagai Industries,True,"Nagai Industries, Beep Japan Inc.",{},2026-04-23
2769240,Wax Heads,2833,"Adventure, Indie, Simulation","Single-player, Full controller support, Family Sharing","Adventure, Indie, Point-and-click, Puzzle, Simulator",Comedy,"musical themes, narrative adventure, narrative-driven",True,Wax Heads,05-05-2026,2026-05-05T00:00:00,https://www.youtube.com/watch?v=Ghj_g-vhLbI,1242,22,,Patattie Games,True,Curve Games,"{'original_release_date': 'May 05, 2026', 'original_platforms': ['Linux', 'Nintendo Switch', 'PC (Microsoft Windows)', 'PlayStation 5', 'Xbox Series X|S'], 'ports': []}",2026-04-23
2928410,Under Par Golf Architect,2086,"Simulation, Sports, Strategy","Single-player, Steam Achievements, Full controller support, Adjustable Text Size, Color Alternatives, Custom Volume Controls, Playable without Timed Input, Save Anytime, Steam Cloud, Family Sharing","Indie, Simulator, Sport, Strategy",Business,"economy, golf, management, tycoon",True,UnderPar,16-04-2026,2026-04-16T00:00:00,https://www.youtube.com/watch?v=xR0BmvgbMVs,3053,134,,Broken Arms Games,True,"Broken Arms Games, Gambit Digital","{'original_release_date': 'Apr 16, 2026', 'original_platforms': ['Mac', 'Nintendo Switch 2', 'PC (Microsoft Windows)', 'PlayStation 5', 'Xbox Series X|S'], 'ports': []}",2026-04-23
3256150,Moomintroll: Winter's Warmth,5124,"Adventure, Indie, RPG","Single-player, Steam Achievements, Full controller support, Steam Cloud, Family Sharing","Adventure, Indie, Puzzle, Role-playing (RPG)",,,True,,27-04-2026,2026-04-27T00:00:00,https://www.youtube.com/watch?v=N_15Rvj6NeI,4115,106,,Hyper Games,True,"Hyper Games, Kakehashi Games","{'original_release_date': 'Apr 27, 2026', 'original_platforms': ['Mac', 'Nintendo Switch', 'Nintendo Switch', 'Nintendo Switch 2', 'PC (Microsoft Windows)'], 'ports': [{'platform': 'Nintendo Switch', 'release_date': 'Apr 28, 2026'}, {'platform': 'Nintendo Switch 2', 'release_date': 'Apr 28, 2026'}]}",2026-04-23
3372530,Valorborn,15298,"Action, Adventure, Indie, RPG, Strategy, Early Access","Single-player, Camera Comfort, Custom Volume Controls, Playable without Timed Input, Save Anytime, Stereo Sound, Family Sharing","Adventure, Indie, Role-playing (RPG), Strategy","Action, Fantasy, Open world, Sandbox, Survival",,True,,15-04-2026,2026-04-15T00:00:00,https://www.youtube.com/watch?v=EK7GxhNSNB4,239820,530,,Laps Games,True,Laps Games,"{'original_release_date': 'Apr 15, 2026', 'original_platforms': ['PC (Microsoft Windows)'], 'ports': []}",2026-04-23
3509230,Gambonanza,7602,"Casual, Simulation, Strategy","Single-player, Steam Achievements, Custom Volume Controls, Mouse Only Option, Playable without Timed Input, Stereo Sound, Steam Cloud, Family Sharing","Indie, Simulator, Strategy",,"chess, retro, roguelike",True,Gambonanza,01-05-2026,2026-05-01T00:00:00,https://www.youtube.com/watch?v=lYQmQGDLSJU,571563,30846,,Blukulélé,True,"Sidekick Publishing, Stray Fawn Publishing","{'original_release_date': 'May 01, 2026', 'original_platforms': ['Linux', 'Mac', 'PC (Microsoft Windows)'], 'ports': []}",2026-04-23
3526710,Everything is Crab: The Animal Evolution Roguelite,14163,"Action, Indie, Simulation, Strategy","Single-player, Full controller support, Family Sharing",,,,True,Everything is Crab,08-05-2026,2026-05-08T00:00:00,,0,0,,Odd Dreams Digital,True,Secret Mode,{},2026-04-23
3695650,Saint Slayer: Spear of Sacrilege,1000,"Action, Indie","Single-player, Multi-player, Co-op, Shared/Split Screen Co-op, Shared/Split Screen, Steam Achievements, Full controller support, Custom Volume Controls, Adjustable Difficulty, Keyboard Only Option, Playable without Timed Input, Stereo Sound, Steam Cloud, Remote Play Together, Family Sharing","Adventure, Hack and slash/Beat 'em up, Indie",Action,"2d, action platformer, co-op campaign, deliberately retro",True,,19-04-2026,2026-04-19T00:00:00,https://www.youtube.com/watch?v=FgJvhEcuv40,38056,2074,,Lillymo Games,True,Lillymo Games,"{'original_release_date': 'Apr 20, 2026', 'original_platforms': ['Nintendo Switch', 'PC (Microsoft Windows)', 'PlayStation 4', 'PlayStation 5', 'Xbox One', 'Xbox Series X|S'], 'ports': []}",2026-04-23
3720420,Demon Lord: Just a Block,5233,"Action, Adventure, Casual, Indie, RPG, Strategy","Single-player, Steam Achievements, Custom Volume Controls, Keyboard Only Option, Mouse Only Option, Playable without Timed Input, Save Anytime, Partial Controller Support, Steam Cloud, Family Sharing",Indie,Action,"action roguelike, maze crawler, nextfest october 2025, roguelike, turn-based rpg",True,CardVenture:JustAHead！,29-04-2026,2026-04-29T00:00:00,https://www.youtube.com/watch?v=J5r220mIKqE,30,0,,YuWave,True,YuWave,"{'original_release_date': 'Apr 29, 2026', 'original_platforms': ['PC (Microsoft Windows)'], 'ports': []}",2026-04-23
3749580,He-Man and the Masters of the Universe?: Dragon Pearl of Destruction,7227,Action,"Single-player, Multi-player, Co-op, Shared/Split Screen Co-op, Shared/Split Screen, Steam Achievements, Full controller support, Remote Play Together, Family Sharing","Arcade, Hack and slash/Beat 'em up",Action,,True,,28-04-2026,2026-04-28T00:00:00,https://www.youtube.com/watch?v=kNSf7uUlvKM,66130,1882,,Bitmap Bureau,True,Limited Run Games,"{'original_release_date': 'Q3 2026', 'original_platforms': ['Nintendo Switch', 'PC (Microsoft Windows)', 'PlayStation 4', 'PlayStation 5', 'Xbox Series X|S'], 'ports': []}",2026-04-23
3756020,Racer Overdrive,2620,"Action, Adventure, Racing, RPG","Single-player, Steam Achievements, Full controller support, Camera Comfort, Custom Volume Controls, Keyboard Only Option, Stereo Sound, Surround Sound, Stats, Family Sharing","Adventure, Racing, Role-playing (RPG), Sport","Action, Science fiction","combat racing, drifting, motorsports, story rich, street racing",True,失控车手,19-04-2026,2026-04-19T00:00:00,https://www.youtube.com/watch?v=UDjipbOLwiQ,65,0,,IntActive,True,"DawnLambs, IntActive","{'original_release_date': 'May 28, 2025', 'original_platforms': ['PC (Microsoft Windows)'], 'ports': [{'platform': 'PC (Microsoft Windows)', 'release_date': 'Apr 30, 2026'}]}",2026-04-23
3834880,?????????,1464,"Adventure, Casual, Indie, RPG, Simulation, Strategy","Single-player, Steam Achievements, Custom Volume Controls, Adjustable Difficulty, Mouse Only Option, Playable without Timed Input, Save Anytime, Steam Cloud, Family Sharing",,,,True,,28-04-2026,2026-04-28T00:00:00,,0,0,,九芽川 Ninth Leaf,True,九芽川 Ninth Leaf,{},2026-04-23
3877070,Midnight Sin,1815,"Adventure, Casual, Indie","Single-player, Steam Achievements, Custom Volume Controls, Adjustable Difficulty, Mouse Only Option, Playable without Timed Input, Save Anytime, Family Sharing",,,,True,,30-04-2026,2026-04-30T00:00:00,,0,0,,Faerin Games,True,Faerin Games,{},2026-04-23
4164310,?????,1241,Casual,"Single-player, Multi-player, PvP, Online PvP, Co-op, Online Co-op, Family Sharing",,,,True,,26-04-2026,2026-04-26T00:00:00,,0,0,,Find the Lamp Games,True,Find the Lamp Games,{},2026-04-23
4235230,Werewolf: The Inner Beast,1806,Action,"Single-player, Steam Achievements, Steam Cloud, Family Sharing",Shooter,"Action, Horror, Science fiction, Survival","nextfest february 2026, steam achievements",True,,06-05-2026,2026-05-06T00:00:00,https://www.youtube.com/watch?v=me4Tigv8d-M,10121,385,,FTRGameStudio,True,FTRGameStudio,{},2026-04-23
590830,s&box,34167,"Action, Adventure, Casual, Racing, Simulation, Sports, Strategy","Single-player, Multi-player, PvP, Online PvP, LAN PvP, Shared/Split Screen PvP, Co-op, Online Co-op, LAN Co-op, Shared/Split Screen Co-op, Shared/Split Screen, Steam Workshop, In-App Purchases, Playable without Timed Input, Stereo Sound, Includes level editor, Remote Play Together, Family Sharing","Racing, Simulator, Strategy",,,True,s&box,28-04-2026,2026-04-28T00:00:00,,0,0,,Facepunch Studios,True,Facepunch Studios,{},2026-04-23
1165990,Kiln,1754,"Action, Casual","Multi-player, PvP, Online PvP, Cross-Platform Multiplayer, Steam Achievements, Full controller support, Steam Cloud, HDR available, Family Sharing",Hack and slash/Beat 'em up,Action,,True,,23-04-2026,2026-04-23T00:00:00,https://www.youtube.com/watch?v=6C11Zmc93-I,57071,1479,,Double Fine Productions,True,Xbox Game Studios,"{'original_release_date': 'Apr 23, 2026', 'original_platforms': ['PC (Microsoft Windows)', 'PlayStation 5', 'Xbox Series X|S'], 'ports': []}",2026-04-23
1205270,Magin: The Rat Project Stories,7761,"Adventure, Indie, Strategy","Single-player, Steam Achievements, Full controller support, Steam Cloud, Family Sharing","Adventure, Card & Board Game, Indie, Role-playing (RPG), Strategy",Fantasy,"crowdfunding - kickstarter, dark, deck-building, gore, story rich, violent",True,Magin: The Rat Project Stories,29-04-2026,2026-04-29T00:00:00,https://www.youtube.com/watch?v=xVE9jRfSP9g,100152,7891,,The Rat Project,True,Daedalic Entertainment,"{'original_release_date': 'Apr 29, 2026', 'original_platforms': ['Nintendo Switch', 'PC (Microsoft Windows)'], 'ports': []}",2026-04-23
1966410,Aphelion,6574,"Action, Adventure","Single-player, Steam Achievements, Full controller support, Captions available, Steam Cloud, Family Sharing",Adventure,"Action, Drama, Science fiction, Stealth","atmospheric, cinematic, linear, parkour, story rich",True,,28-04-2026,2026-04-28T00:00:00,https://www.youtube.com/watch?v=RZs_IthEb2s,93276,2610,,DON'T NOD,True,DON'T NOD,"{'original_release_date': 'Apr 28, 2026', 'original_platforms': ['PC (Microsoft Windows)', 'PlayStation 5', 'Xbox Series X|S'], 'ports': []}",2026-04-23
2095420,Bus Bound,6700,Simulation,"Single-player, Multi-player, Co-op, Online Co-op, Full controller support, Family Sharing",Simulator,Business,,True,Bus Bound,30-04-2026,2026-04-30T00:00:00,https://www.youtube.com/watch?v=YR74rppF3wA,63562,154,,stillalive studios,True,Saber Interactive Inc.,"{'original_release_date': 'Apr 30, 2026', 'original_platforms': ['PC (Microsoft Windows)', 'PlayStation 5', 'Xbox Series X|S'], 'ports': []}",2026-04-23
2423290,Handmancers,1157,"Indie, RPG, Strategy, Early Access","Single-player, Steam Achievements, Full controller support, Custom Volume Controls, Mouse Only Option, Playable without Timed Input, Stereo Sound, Touch Only Option, Steam Cloud, Family Sharing","Indie, Role-playing (RPG), Strategy",,,True,Handmancers,05-05-2026,2026-05-05T00:00:00,,0,0,,58BLADES,True,58BLADES,{},2026-04-23
2482940,Little Nightmares VR: Altered Echoes,1129,"Action, Adventure","Single-player, Steam Achievements, Tracked Controller Support, VR Only, VR Support, Adjustable Text Size, Color Alternatives, Stereo Sound, Steam Cloud, Family Sharing","Adventure, Puzzle",Action,"adjustable text size, color alternatives, steam achievements, stereo sound",True,,23-04-2026,2026-04-23T00:00:00,https://www.youtube.com/watch?v=9CvZB0nFaoE,87273,3530,,Iconik,True,Bandai Namco Entertainment ,"{'original_release_date': 'Apr 24, 2026', 'original_platforms': ['Meta Quest 2', 'PlayStation VR2', 'SteamVR'], 'ports': []}",2026-04-23
2676030,Runehaven,1356,"Action, Adventure, Indie, RPG","Single-player, Partial Controller Support, Family Sharing","Adventure, Indie, Role-playing (RPG)",Action,"dark fantasy, destruction, dungeon, dungeon crawler, immersive sim, magic, roguelike, voxel",True,Nekyia,20-04-2026,2026-04-20T00:00:00,https://www.youtube.com/watch?v=p8VZCmUuVCk,229,3,,Cikoria Studio,True,Cikoria Studio,"{'original_release_date': 'Apr 20, 2026', 'original_platforms': ['PC (Microsoft Windows)'], 'ports': []}",2026-04-23
2709090,Cycle of Corruption,2562,"Adventure, RPG, Simulation","Single-player, Steam Achievements, Custom Volume Controls, Adjustable Difficulty, Partial Controller Support, Steam Cloud, Family Sharing",,,,True,Cycle of Corruption,16-04-2026,2026-04-16T00:00:00,,0,0,,Kredyn,True,"Kredyn, Shady Corner Games",{},2026-04-23
2808550,Sudden Strike 5,8819,"Action, Strategy","Single-player, Multi-player, PvP, Online PvP, Steam Achievements, Steam Trading Cards, Captions available, Camera Comfort, Color Alternatives, Custom Volume Controls, Adjustable Difficulty, Mouse Only Option, Playable without Timed Input, Save Anytime, Stereo Sound, Partial Controller Support, Steam Cloud, Stats, Family Sharing",Strategy,"Action, Historical, Warfare",world war ii - ww2,True,,23-04-2026,2026-04-23T00:00:00,https://www.youtube.com/watch?v=DlNfzXuifFs,50313,1316,,Kite Games,True,Kalypso Media,"{'original_release_date': 'Apr 23, 2026', 'original_platforms': ['PC (Microsoft Windows)', 'PlayStation 5', 'Xbox Series X|S'], 'ports': []}",2026-04-23
2834310,Elvenfoundry,1104,"Adventure, Casual, Simulation","Single-player, Steam Achievements, Tracked Controller Support, VR Supported, Family Sharing",,,,True,Elvenfoundry,15-04-2026,2026-04-15T00:00:00,,0,0,,SunbathGames,True,SunbathGames,{},2026-04-23
3079160,Don't Lose Aggro,2438,"Action, RPG, Early Access","Single-player, Steam Achievements, Full controller support, Family Sharing",Role-playing (RPG),"Action, Party","action roguelike, action roguelite, party-based, roguelite",True,Don't Lose Aggro,15-04-2026,2026-04-15T00:00:00,https://www.youtube.com/watch?v=DQVFn-kPzOs,6018,34,,Oren Koren,True,Oren Koren,"{'original_release_date': 'Apr 15, 2026', 'original_platforms': ['PC (Microsoft Windows)'], 'ports': []}",2026-04-23
3144860,WILL: Follow The Light,13171,"Adventure, Indie","Single-player, Steam Achievements, Full controller support, Steam Cloud, Family Sharing","Adventure, Indie","Drama, Mystery","atmospheric, story rich, walking simulator",True,WILL: Follow the Light,28-04-2026,2026-04-28T00:00:00,https://www.youtube.com/watch?v=Lf50DY0OJrk,5776,86,,TomorrowHead Studio,True,TomorrowHead Studio,"{'original_release_date': 'May 07, 2026', 'original_platforms': ['PC (Microsoft Windows)', 'PlayStation 5', 'Xbox Series X|S'], 'ports': []}",2026-04-23
3265700,Vampire Crawlers: The Turbo Wildcard from Vampire Survivors,21739,"Action, Indie, Strategy","Single-player, Steam Achievements, Full controller support, Steam Cloud, Family Sharing","Adventure, Indie, Strategy",Action,steam achievements,True,,21-04-2026,2026-04-21T00:00:00,https://www.youtube.com/watch?v=-b6dkZH6XSo,60697,1492,,"poncle, Nosebleed Interactive",True,poncle,"{'original_release_date': 'Apr 21, 2026', 'original_platforms': ['Mac', 'Nintendo Switch', 'PC (Microsoft Windows)', 'PlayStation 5', 'Xbox Series X|S'], 'ports': [{'platform': 'Android', 'release_date': '2026'}, {'platform': 'iOS', 'release_date': '2026'}]}",2026-04-23
3436220,U.F.F.C - Ultimate Fuckin? Fuckable Championship,2251,"Casual, RPG","Single-player, Family Sharing",,,,True,,21-04-2026,2026-04-21T00:00:00,,0,0,,WetWetGames,True,"Playmeow, Playmeow News",{},2026-04-23
3443820,BUNNY GARDEN 2,5197,"Adventure, Casual, Indie","Single-player, Steam Achievements, Full controller support, Custom Volume Controls, Playable without Timed Input, Steam Cloud, Family Sharing","Adventure, Indie, Simulator, Visual Novel","Comedy, Romance",,True,BUNNY GARDEN 2,15-04-2026,2026-04-15T00:00:00,https://www.youtube.com/watch?v=JPk2l51w-ds,124429,2702,,qureate,True,qureate,"{'original_release_date': 'Apr 16, 2026', 'original_platforms': ['Nintendo Switch', 'PC (Microsoft Windows)'], 'ports': []}",2026-04-23
3476880,Brno Transit,1238,"Adventure, Casual, Indie, Simulation","Single-player, Steam Achievements, Full controller support, Camera Comfort, Playable without Timed Input, Stereo Sound, Steam Cloud, Family Sharing","Adventure, Indie, Simulator",,,True,,23-04-2026,2026-04-23T00:00:00,,0,0,,Spytihněv,True,Spytihněv,"{'original_release_date': 'Apr 23, 2026', 'original_platforms': ['PC (Microsoft Windows)'], 'ports': []}",2026-04-23
3570060,The Ember Guardian,3630,"Action, Adventure, Strategy","Single-player, Steam Achievements, Full controller support, Steam Cloud, Family Sharing","Adventure, Shooter, Strategy","Action, Survival","base building, horizontal shooter, tower defense",True,The Ember Guardian,17-04-2026,2026-04-17T00:00:00,https://www.youtube.com/watch?v=833qtO2kX1g,5641,287,,Ratbit Games,True,Slug Disco,"{'original_release_date': 'Apr 17, 2026', 'original_platforms': ['PC (Microsoft Windows)'], 'ports': []}",2026-04-23
3570940,Isekai Bistro,1983,"Casual, Indie, RPG, Simulation","Single-player, Family Sharing",,,,True,,23-04-2026,2026-04-23T00:00:00,,0,0,,DarkShadow Studio ,True,"Mango Party, Mango Party News",{},2026-04-23
3580340,Ash & Adam's Existential Treads,2325,"Action, Casual, Indie, Strategy","Single-player, Steam Achievements, Full controller support, Color Alternatives, Custom Volume Controls, Playable without Timed Input, Stereo Sound, Steam Cloud, Family Sharing","Arcade, Indie, Strategy",Action,,True,Ash & Adam's Existential Treads,03-05-2026,2026-05-03T00:00:00,https://www.youtube.com/watch?v=KmsyAv5TrCk,150,9,,Ash & Adam's Games,True,"Ash & Adam's Games, CC Games","{'original_release_date': 'Q1 2026', 'original_platforms': ['Mac', 'PC (Microsoft Windows)'], 'ports': []}",2026-04-23
3601800,Meltopia,1268,"Adventure, Casual, Indie, Simulation","Single-player, Family Sharing","Adventure, Indie, Simulator",,,True,,01-05-2026,2026-05-01T00:00:00,https://www.youtube.com/watch?v=49TpEOXvBQY,24971,659,,Garden of Dreams,True,Garden of Dreams,"{'original_release_date': 'May 01, 2026', 'original_platforms': ['PC (Microsoft Windows)'], 'ports': []}",2026-04-23
3670580,TownsFolk,1059,"Adventure, Casual, Indie, Simulation, Strategy","Single-player, Steam Achievements, Full controller support, Camera Comfort, Chat Speech-to-text, Custom Volume Controls, Adjustable Difficulty, Playable without Timed Input, Steam Cloud, Steam Leaderboards, Family Sharing","Adventure, Indie, Simulator, Strategy",Fantasy,"city builder, colony builder, exploration, hexagon tiles, pixel art",True,,20-04-2026,2026-04-20T00:00:00,https://www.youtube.com/watch?v=oCUZbnzN26g,7385,38,,Short Circuit Studios,True,Snapbreak,"{'original_release_date': 'Apr 20, 2026', 'original_platforms': ['PC (Microsoft Windows)'], 'ports': []}",2026-04-23
3830690,"Flee, My Elven Ninja! 3D",6393,"RPG, Simulation","Single-player, Steam Achievements, Steam Cloud, Family Sharing",,,,True,"Flee, My Elven Ninja!  3D",16-04-2026,2026-04-16T00:00:00,,0,0,,Barance Studio,True,"Mango Party,  Mango Party News",{},2026-04-23
3835650,Cleaning Up!,1261,"Adventure, Casual, Indie, Simulation","Single-player, Steam Achievements, Full controller support, Camera Comfort, Custom Volume Controls, Adjustable Difficulty, Mouse Only Option, Stereo Sound, Steam Cloud, Family Sharing",Indie,Horror,interactive fiction,True,Cleaning Up!,15-04-2026,2026-04-15T00:00:00,,0,0,,Unbound Creations,True,Unbound Creations,"{'original_release_date': 'Dec 22, 2014', 'original_platforms': ['Web browser'], 'ports': []}",2026-04-23
3840230,Adorable Adventures,5024,"Adventure, Casual, Indie","Single-player, Steam Achievements, Full controller support, Adjustable Text Size, Camera Comfort, Color Alternatives, Custom Volume Controls, Playable without Timed Input, Save Anytime, Stereo Sound, Subtitle Options, Surround Sound, Steam Cloud, Family Sharing","Adventure, Indie, Platform","Open world, Sandbox","3d, 3d platform, 3d platformer, adjustable text size, animal protagonist, atmospheric, bird, boar, bug, bugs, butterfly, camera comfort, casual, cave, child protagonist, collectathon, collection log, color alternatives, colorful, controller recommendation, controller support, cozy, custom volume controls, cute, emotional, exploration, family friendly, flowers, food, foraging, forest, insects, jumping, mushroom, nature, nextfest october 2025, nonlinear, plant, plants, playable without timed input, polygonal 3d, relaxing, running, save anytime, steam families, stereo sound, subtitles, surround sound, underground, voice acting, walking simulator, wildlife, woodland, xbox controller support for pc, young protagonist",True,,30-04-2026,2026-04-30T00:00:00,https://www.youtube.com/watch?v=es_AnXYMiA0,55233,2204,,Wild Sheep Studio,True,PQube,"{'original_release_date': 'Apr 30, 2026', 'original_platforms': ['PC (Microsoft Windows)', 'PlayStation 5', 'Xbox Series X|S'], 'ports': []}",2026-04-23
3861100,1492 - Colonization of the New World,1387,"Simulation, Strategy","Single-player, Full controller support, Adjustable Text Size, Camera Comfort, Custom Volume Controls, Adjustable Difficulty, Keyboard Only Option, Playable without Timed Input, Save Anytime, Steam Cloud, Family Sharing","Simulator, Strategy, Turn-based strategy (TBS)",Historical,"accessibility options, adjustable difficulty, adjustable text size, ai-generated artwork, camera comfort, custom volume controls, keyboard only option, nextfest october 2025, playable without timed input, save anytime",True,,20-04-2026,2026-04-20T00:00:00,https://www.youtube.com/watch?v=awwRBPvuuAs,7077,52,,Salty Olives,True,Salty Olives,"{'original_release_date': 'Apr 20, 2026', 'original_platforms': ['Linux', 'PC (Microsoft Windows)'], 'ports': []}",2026-04-23
3986690,Ariana and the Elder Codex,1931,"Action, Adventure","Single-player, Steam Achievements, Full controller support, Steam Trading Cards, Camera Comfort, Custom Volume Controls, Adjustable Difficulty, Playable without Timed Input, Stereo Sound, Steam Cloud, Family Sharing","Adventure, Platform, Role-playing (RPG)","Action, Fantasy","action-rpg, side-scrolling",True,,29-04-2026,2026-04-29T00:00:00,https://www.youtube.com/watch?v=Hb7tEDwt4Fs,56656,0,,"Idea Factory, Compile Heart, HYDE, Inc.",True,"Idea Factory International, Inc.","{'original_release_date': 'Aug 21, 2025', 'original_platforms': ['Nintendo Switch', 'PlayStation 4', 'PlayStation 5'], 'ports': [{'platform': 'Nintendo Switch', 'release_date': 'Mar 24, 2026'}, {'platform': 'PlayStation 4', 'release_date': 'Mar 24, 2026'}, {'platform': 'PlayStation 5', 'release_date': 'Mar 24, 2026'}, {'platform': 'PC (Microsoft Windows)', 'release_date': 'Apr 29, 2026'}]}",2026-04-23
4048300,?????,2288,"Adventure, Indie, RPG, Strategy","Single-player, Family Sharing",,,,True,,30-04-2026,2026-04-30T00:00:00,,0,0,,月光草,True,"Mango Party, Mango Party News",{},2026-04-23
4257850,Mirai's Midnight Training,2770,Casual,"Single-player, Steam Achievements, Steam Cloud, Family Sharing",,,,True,Mirai's Midnight Training,15-04-2026,2026-04-15T00:00:00,,0,0,,Fox House,True,"Mango Party, Mango Party News",{},2026-04-23
4375110,Tropical Lust,2198,Adventure,"Single-player, Playable without Timed Input, Family Sharing",,,,True,,07-05-2026,2026-05-07T00:00:00,,0,0,,Hot Byte,True,Hot Byte,{},2026-04-23
1059220,'83,24087,"Action, Massively Multiplayer, Simulation, Strategy, Early Access","Multi-player, PvP, Online PvP, Custom Volume Controls, Playable without Timed Input, Stereo Sound, Steam Cloud, HDR available, Family Sharing, Steam Timeline","Shooter, Simulator, Strategy","Action, Warfare",,True,'83,23-04-2026,2026-04-23T00:00:00,https://www.youtube.com/watch?v=1u9oyFkXca4,303482,8415,,Blue Dot Games,True,Blue Dot Games,"{'original_release_date': 'Apr 23, 2026', 'original_platforms': ['PC (Microsoft Windows)'], 'ports': []}",2026-04-23
1304280,Elementallis,2417,"Action, Adventure, Indie, RPG","Single-player, Steam Achievements, Full controller support, Custom Volume Controls, Keyboard Only Option, Playable without Timed Input, Steam Cloud, Family Sharing","Indie, Strategy",Fantasy,tower defense,True,Elementallis,28-04-2026,2026-04-28T00:00:00,https://www.youtube.com/watch?v=RhoF71aa5UY,14704,83,,AnKae Games,True,"Top Hat Studios, Inc.","{'original_release_date': 'Apr 02, 2021', 'original_platforms': ['PC (Microsoft Windows)'], 'ports': []}",2026-04-23
1467270,Beyond Enemy Lines - Vietnam,4402,"Action, Indie, Early Access","Single-player, Multi-player, PvP, Online PvP, Co-op, Online Co-op, Cross-Platform Multiplayer, Steam Achievements, Full controller support, Custom Volume Controls, Adjustable Difficulty, Playable without Timed Input, Stereo Sound, Subtitle Options, Includes level editor, HDR available, Family Sharing",Indie,Action,,True,Beyond Enemy Lines - Vietnam,06-05-2026,2026-05-06T00:00:00,,0,0,,Polygon Art,True,Polygon Art Publishing,{},2026-04-23
1525290,OddFauna : Secret of the Terrabeast,1778,"Adventure, Casual, Indie, Simulation, Early Access","Single-player, Steam Achievements, Full controller support, Steam Cloud, Family Sharing","Adventure, Indie, Simulator",,,True,,13-05-2026,2026-05-13T00:00:00,https://www.youtube.com/watch?v=vEVf5sbuOoU,319,21,,North Channel,True,North Channel,"{'original_release_date': 'May 13, 2026', 'original_platforms': ['PC (Microsoft Windows)'], 'ports': []}",2026-04-23
1636460,Magissy,2142,"Action, Adventure, Indie, RPG, Simulation","Single-player, Family Sharing","Adventure, Simulator","Action, Erotic",,True,Magissy,20-04-2026,2026-04-20T00:00:00,,0,0,,Bit Fat Games,True,Bit Fat Games,"{'original_release_date': 'Apr 20, 2026', 'original_platforms': ['PC (Microsoft Windows)'], 'ports': []}",2026-04-23
1755080,Away From Life,2940,"Action, Adventure, Indie, Massively Multiplayer, RPG, Simulation, Early Access","Single-player, Multi-player, Co-op, Online Co-op, LAN Co-op, Steam Achievements, Partial Controller Support, Family Sharing","Adventure, Indie, Role-playing (RPG), Simulator, Sport, Strategy",Action,,True,Away From Life,22-04-2026,2026-04-22T00:00:00,,0,0,,Cursor Games,True,Cursor Games,"{'original_release_date': 'Q2 2026', 'original_platforms': ['PC (Microsoft Windows)'], 'ports': []}",2026-04-23
1938100,Notmads,3630,"Action, Adventure, Indie, RPG, Early Access","Single-player, Multi-player, Co-op, Online Co-op, LAN Co-op, Steam Achievements, Full controller support, Camera Comfort, Custom Volume Controls, Save Anytime, Stereo Sound, Steam Cloud, Family Sharing","Adventure, Indie, Role-playing (RPG)",Action,,True,Notmads,13-05-2026,2026-05-13T00:00:00,https://www.youtube.com/watch?v=q2MFxvtomRg,7731,29,,Rhomita,True,Rhomita,"{'original_release_date': 'May 2026', 'original_platforms': ['PC (Microsoft Windows)'], 'ports': []}",2026-04-23
2121450,Bangkok Story: A Stray Dog,1266,"Adventure, RPG","Single-player, Steam Achievements, Full controller support, Custom Volume Controls, Keyboard Only Option, Save Anytime, Stereo Sound, Steam Cloud, Family Sharing","Adventure, Indie",Drama,"based on - real events, mental health, thailand",True,Bangkok Story: A Stray Dog,27-04-2026,2026-04-27T00:00:00,https://www.youtube.com/watch?v=7D8tMfSVThg,1282,36,,Shameful Guys Development,True,Shameful Guys Development,"{'original_release_date': 'Apr 27, 2026', 'original_platforms': ['Mac', 'PC (Microsoft Windows)'], 'ports': []}",2026-04-23
2134850,Space Drilling Station,3060,"Simulation, Strategy, Early Access","Single-player, Steam Achievements, Steam Cloud, Family Sharing","Simulator, Strategy",Science fiction,"city builder, colony builder, colony simulator",True,Station9,20-04-2026,2026-04-20T00:00:00,https://www.youtube.com/watch?v=E-_d3FE4OrE,267,9,,Ayota Games,True,"Abiding Bridge, WhisperGames","{'original_release_date': 'Apr 20, 2026', 'original_platforms': ['PC (Microsoft Windows)'], 'ports': []}",2026-04-23
2154070,INDUSTRIA 2,11800,"Action, Adventure, Indie","Single-player, Partial Controller Support, Steam Cloud, Family Sharing","Adventure, Indie","Action, Horror, Science fiction, Survival",story rich,True,INDUSTRIA 2,29-04-2026,2026-04-29T00:00:00,https://www.youtube.com/watch?v=zo1IYOHmWaQ,6910,149,,Bleakmill,True,"Headup, Beep Japan","{'original_release_date': 'Apr 29, 2026', 'original_platforms': ['PC (Microsoft Windows)'], 'ports': []}",2026-04-23
2174380,Call of the Elder Gods,2435,"Adventure, Indie","Single-player, Steam Achievements, Full controller support, Camera Comfort, Custom Volume Controls, Adjustable Difficulty, Playable without Timed Input, Stereo Sound, Subtitle Options, Steam Cloud, Family Sharing","Adventure, Indie, Puzzle, Strategy",Action,,True,,12-05-2026,2026-05-12T00:00:00,https://www.youtube.com/watch?v=IaK8IBacaBU,6802,116,,Out of the Blue Games,True,Kwalee,"{'original_release_date': 'May 12, 2026', 'original_platforms': ['Nintendo Switch 2', 'PC (Microsoft Windows)', 'PlayStation 5', 'Xbox Series X|S'], 'ports': []}",2026-04-23
2340130,Ground Zero,6970,"Action, Indie","Single-player, Steam Achievements, Partial Controller Support, Steam Cloud, Stats, Family Sharing",Shooter,"Action, Horror, Science fiction","digital distribution, invisibility, steam, steam cloud",True,Ground Zero,16-04-2026,2026-04-16T00:00:00,,0,0,,Malformation Games,True,Kwalee,"{'original_release_date': 'Aug 31, 1998', 'original_platforms': ['PC (Microsoft Windows)'], 'ports': []}",2026-04-23
2364580,Titanium Court,1285,Strategy,"Single-player, Steam Achievements, Full controller support, Steam Trading Cards, Camera Comfort, Custom Volume Controls, Adjustable Difficulty, Keyboard Only Option, Mouse Only Option, Playable without Timed Input, Touch Only Option, Steam Cloud, Family Sharing","Indie, Puzzle, Strategy, Tactical, Turn-based strategy (TBS)",Comedy,,True,,23-04-2026,2026-04-23T00:00:00,https://www.youtube.com/watch?v=xSxuuoYkR3o,7716,216,,AP Thomson,True,Fellow Traveller,"{'original_release_date': 'Apr 23, 2026', 'original_platforms': ['Mac', 'PC (Microsoft Windows)'], 'ports': []}",2026-04-23
2389170,Huaxia: Warring States,6640,"Action, Adventure, Indie, RPG, Simulation, Strategy, Early Access","Single-player, Steam Achievements, Adjustable Text Size, Camera Comfort, Custom Volume Controls, Adjustable Difficulty, Playable without Timed Input, Save Anytime, Family Sharing","Adventure, Role-playing (RPG), Simulator, Strategy","4X (explore, expand, exploit, and exterminate), Action, Fantasy, Historical",,True,华夏史诗：战国,01-04-2026,2026-04-30T00:00:00,https://www.youtube.com/watch?v=s7pcsAAf_-o,16493,8,,秦川汉渚,True,秦川汉渚,{},2026-04-23
2393730,Legendary Pilots,1660,"Indie, Simulation","Single-player, Family Sharing","Indie, Simulator",,,True,Legendary Pilots,21-04-2026,2026-04-21T00:00:00,https://www.youtube.com/watch?v=vFX0o-ROXTQ,71691,3597,,BerkBox,True,MicroProse Software,"{'original_release_date': 'Dec 14, 2025', 'original_platforms': ['Android'], 'ports': [{'platform': 'iOS', 'release_date': 'Dec 19, 2025'}, {'platform': 'Linux', 'release_date': 'Apr 21, 2026'}, {'platform': 'PC (Microsoft Windows)', 'release_date': 'Apr 21, 2026'}]}",2026-04-23
2423760,Above the Snow,1782,"Casual, Indie, Simulation, Strategy","Single-player, Steam Achievements, Steam Cloud, Family Sharing",Platform,Action,"snow, snowman",True,Above the Snow,23-04-2026,2026-04-23T00:00:00,https://www.youtube.com/watch?v=_s9papp3F4U,260050,1073,,Above the Desk,True,Wandering Wizard,"{'original_release_date': 'Jan 30, 2019', 'original_platforms': ['Android'], 'ports': [{'platform': 'iOS', 'release_date': 'Jan 05, 2022'}]}",2026-04-23
2461440,Bylina,7172,"Action, Adventure, Indie","Single-player, Steam Achievements, Full controller support, Custom Volume Controls, Adjustable Difficulty, Playable without Timed Input, Save Anytime, Steam Cloud, Family Sharing","Adventure, Indie, Role-playing (RPG)","Action, Fantasy",,True,Bylina,20-04-2026,2026-04-20T00:00:00,https://www.youtube.com/watch?v=Af-MswMR5po,32384,436,,Far Far Games,True,Digital Vortex Entertainment,"{'original_release_date': 'Apr 20, 2026', 'original_platforms': ['PC (Microsoft Windows)'], 'ports': [{'platform': 'PlayStation 5', 'release_date': '2026'}, {'platform': 'Xbox Series X|S', 'release_date': '2026'}]}",2026-04-23
2473350,HUNTDOWN: OVERTIME,4523,"Action, Early Access","Single-player, Full controller support, Camera Comfort, Custom Volume Controls, Keyboard Only Option, Mouse Only Option, Playable without Timed Input, Stereo Sound, Steam Cloud, Family Sharing",,Action,"accessibility options, camera comfort, custom volume controls, keyboard only option, mouse only option, playable without timed input, stereo sound",True,,07-05-2026,2026-05-07T00:00:00,https://www.youtube.com/watch?v=QMIjaUgLLJg,20384,1499,,Easy Trigger Games,True,Coffee Stain Publishing,"{'original_release_date': 'May 07, 2026', 'original_platforms': ['Linux', 'Mac', 'PC (Microsoft Windows)'], 'ports': []}",2026-04-23
2512450,SoulQuest,3572,"Action, Adventure, Indie, RPG","Single-player, Steam Achievements, Partial Controller Support, Family Sharing",,,,True,SoulQuest,01-05-2026,2026-05-01T00:00:00,,0,0,,"SoulBlade Studio LLC, TomasJPereyra",True,indie.io,{},2026-04-23
2537470,Vultures - Scavengers of Death,3120,"Action, Adventure, Indie, RPG, Strategy","Single-player, Family Sharing","Adventure, Indie, Role-playing (RPG), Strategy","Action, Horror","deliberately retro, free demo, grid-based, mutants, turn-based combat, zombies",True,Vultures - Scavengers of Death,28-04-2026,2026-04-28T00:00:00,https://www.youtube.com/watch?v=9u3rOafyFe8,28473,125,,Team Vultures,True,"Firesquid, Gamersky Games","{'original_release_date': 'Apr 28, 2026', 'original_platforms': ['PC (Microsoft Windows)'], 'ports': []}",2026-04-23
2629230,The Adventures of Sir Kicksalot,1610,"Action, RPG","Single-player, Steam Achievements, Captions available, Camera Comfort, Custom Volume Controls, Adjustable Difficulty, Stereo Sound, Partial Controller Support, Family Sharing",Role-playing (RPG),Action,,True,The Adventures of Sir Kicksalot,15-05-2026,2026-05-15T00:00:00,https://www.youtube.com/watch?v=GquinruINSg,762,47,,Stéphane Le Roy,True,Stéphane Le Roy,"{'original_release_date': 'May 12, 2026', 'original_platforms': ['Linux', 'PC (Microsoft Windows)'], 'ports': []}",2026-04-23
2631140,Weed Shop 4: Highland,1200,"Indie, Simulation, Early Access","Single-player, Multi-player, Co-op, Online Co-op, Camera Comfort, Custom Volume Controls, Adjustable Difficulty, Playable without Timed Input, Save Anytime, Stereo Sound, Family Sharing","Indie, Simulator",,,True,Weed Shop 4: Highland,20-04-2026,2026-04-20T00:00:00,,0,0,,Weed Games,True,Weed Games,"{'original_release_date': 'Apr 20, 2026', 'original_platforms': ['PC (Microsoft Windows)'], 'ports': []}",2026-04-23
2680670,Wardrum,1249,"RPG, Strategy","Single-player, Steam Achievements, Full controller support, Family Sharing","Role-playing (RPG), Strategy",,steam achievements,True,,07-05-2026,2026-05-07T00:00:00,https://www.youtube.com/watch?v=yINrYbh1GZ4,112594,53,,Mopeful Games,True,Team17,"{'original_release_date': 'May 07, 2026', 'original_platforms': ['PC (Microsoft Windows)'], 'ports': []}",2026-04-23
2768380,Repterra,2063,"Strategy, Early Access","Single-player, Steam Achievements, Full controller support, Steam Cloud, Steam Leaderboards, Family Sharing",Strategy,,,True,Repterra,28-04-2026,2026-04-28T00:00:00,https://www.youtube.com/watch?v=qAZy1JTc9e4,6140,183,,Chute Apps,True,MicroProse Software,"{'original_release_date': 'Apr 28, 2026', 'original_platforms': ['Mac', 'PC (Microsoft Windows)'], 'ports': []}",2026-04-23
2822980,ARSONATE,1160,"Action, Strategy","Single-player, Multi-player, PvP, Online PvP, LAN PvP, Full controller support, Captions available, Custom Volume Controls, Adjustable Difficulty, Mouse Only Option, Playable without Timed Input, Stereo Sound, Touch Only Option, Family Sharing","Adventure, Card & Board Game, Indie, Point-and-click, Strategy","Action, Horror, Thriller",,True,ARSONATE,06-05-2026,2026-05-06T00:00:00,https://www.youtube.com/watch?v=tsvvHt1qALE,7049,138,,Nash,True,Nash,{},2026-04-23
2840470,SimplePlanes 2,5697,"Indie, Racing, Simulation, Early Access","Single-player, Multi-player, PvP, Online PvP, Co-op, Online Co-op, Steam Cloud, Family Sharing",Indie,,,True,SimplePlanes 2,23-04-2026,2026-04-23T00:00:00,https://www.youtube.com/watch?v=qNiGgbYTpE8,322118,11630,,"Jundroo, LLC",True,"Jundroo, LLC","{'original_release_date': 'Apr 28, 2026', 'original_platforms': ['PC (Microsoft Windows)'], 'ports': []}",2026-04-23
2873660,Global Rescue,5590,"Simulation, Strategy","Single-player, Family Sharing","Simulator, Strategy",Sandbox,"emergency medical services, firefighter, police",True,,27-04-2026,2026-04-27T00:00:00,https://www.youtube.com/watch?v=XVdLg756Jxw,21885,775,,PeDePe GbR ,True,Aerosoft GmbH ,{},2026-04-23
2906070,Blood Reaver,2461,"Action, Adventure, Indie, RPG, Simulation, Sports, Early Access","Single-player, Multi-player, Co-op, Online Co-op, Steam Achievements, Full controller support, Camera Comfort, Custom Volume Controls, Playable without Timed Input, Stereo Sound, Surround Sound, Steam Leaderboards, Family Sharing","Indie, Role-playing (RPG), Shooter","Action, Horror",,True,Blood Reaver,15-04-2026,2026-04-15T00:00:00,https://www.youtube.com/watch?v=-LkyWbyf10I,609,13,,Hell Byte Studios,True,Hell Byte Studios,"{'original_release_date': 'Oct 01, 2025', 'original_platforms': ['PC (Microsoft Windows)'], 'ports': [{'platform': 'PC (Microsoft Windows)', 'release_date': 'Apr 15, 2026'}]}",2026-04-23
2948680,Outlive 25,1187,"Action, Simulation, Strategy","Single-player, Multi-player, PvP, Online PvP, Co-op, Online Co-op, Steam Achievements, Stats, Family Sharing","Real Time Strategy (RTS), Simulator, Strategy","Action, Science fiction","brazilian culture, online multiplayer, retro, retro styled, space battle, space strategy, strategic gameplay",True,,30-04-2026,2026-04-30T00:00:00,https://www.youtube.com/watch?v=Tqms5Lo-qS0,50543,36,,Continuum Entertainment,True,CriticalLeap,"{'original_release_date': '2026', 'original_platforms': ['PC (Microsoft Windows)'], 'ports': []}",2026-04-23
2964090,World of Warships: Legends,3227,"Action, Massively Multiplayer, Simulation, Strategy, Free To Play","Multi-player, MMO, PvP, Online PvP, Co-op, Online Co-op, Cross-Platform Multiplayer, Steam Achievements, Full controller support, In-App Purchases, Color Alternatives, Custom Volume Controls, Playable without Timed Input, Stereo Sound, Surround Sound, Steam Cloud, Stats, HDR available, Steam Timeline","Shooter, Simulator, Strategy, Tactical","Action, Warfare","sea battles, war",True,World of Warships: Legends,04-05-2026,2026-05-04T00:00:00,https://www.youtube.com/watch?v=nGwdB2HwYaQ,9250,51,,Wargaming Group Limited,True,Wargaming Group Limited,"{'original_release_date': 'Aug 12, 2019', 'original_platforms': ['PlayStation 4', 'Xbox One'], 'ports': [{'platform': 'PlayStation 5', 'release_date': 'Apr 16, 2021'}, {'platform': 'PlayStation 5', 'release_date': 'Apr 26, 2021'}]}",2026-04-23
3028830,Stranger Maidens Please Protect Me!,2209,"Action, Casual, Indie, RPG","Single-player, Steam Achievements, Full controller support, Steam Cloud, Family Sharing","Indie, Role-playing (RPG), Tactical","Action, Erotic","nsfw, nudity, sexual content",True,,15-04-2026,2026-04-15T00:00:00,,0,0,,Volcanic Good Boy,True,LewdLoco,"{'original_release_date': 'Apr 16, 2026', 'original_platforms': ['PC (Microsoft Windows)'], 'ports': []}",2026-04-23
3088070,Dark Light: Survivor,10073,"Action, Adventure, RPG, Early Access","Single-player, Steam Achievements, Full controller support, Custom Volume Controls, Save Anytime, Surround Sound, Steam Leaderboards, Family Sharing","Adventure, Role-playing (RPG)",Action,"action roguelike, zombies",True,Dark Light: Survivor,14-05-2026,2026-05-14T00:00:00,https://www.youtube.com/watch?v=Ij9t4uOVVnw,76696,2529,,Mirari&Co.,True,Mirari&Co.,{},2026-04-23
3105440,Heroes of Might and Magic: Olden Era,141933,"RPG, Strategy, Early Access","Single-player, Multi-player, PvP, Online PvP, Co-op, Online Co-op, Steam Achievements, Color Alternatives, Custom Volume Controls, Adjustable Difficulty, Mouse Only Option, Playable without Timed Input, Save Anytime, Surround Sound, Steam Cloud, Family Sharing","Role-playing (RPG), Strategy, Turn-based strategy (TBS)",Fantasy,,True,Heroes of Might & Magic: Olden Era,30-04-2026,2026-04-30T00:00:00,https://www.youtube.com/watch?v=IH1YJacgWnI,561772,9891,,Unfrozen,True,Hooded Horse,"{'original_release_date': 'Apr 30, 2026', 'original_platforms': ['PC (Microsoft Windows)'], 'ports': []}",2026-04-23
3108980,Part-Time Witch,6566,"Casual, Indie, Simulation","Single-player, Steam Achievements, Family Sharing",,,,True,Part-Time Witch,17-04-2026,2026-04-17T00:00:00,,0,0,,Eyed Mushroom,True,TopHouse Publishing,{},2026-04-23
3110760,Alabaster Dawn,25768,"Action, RPG, Early Access","Single-player, Full controller support, Camera Comfort, Custom Volume Controls, Adjustable Difficulty, Playable without Timed Input, Save Anytime, Stereo Sound, Subtitle Options, Steam Cloud, Family Sharing","Adventure, Hack and slash/Beat 'em up, Role-playing (RPG)","Action, Fantasy",pixel graphics,True,Alabaster Dawn,07-05-2026,2026-05-07T00:00:00,https://www.youtube.com/watch?v=-wRZ-VLAqV8,241526,14687,,Radical Fish Games,True,Radical Fish Games,"{'original_release_date': 'May 07, 2026', 'original_platforms': ['Linux', 'PC (Microsoft Windows)'], 'ports': []}",2026-04-23
3119540,Scriptorium: Master of Manuscripts,10544,"Casual, Indie, Simulation","Single-player, Steam Achievements, Custom Volume Controls, Playable without Timed Input, Steam Cloud, Family Sharing","Indie, Simulator",Historical,"2d, design, medieval",True,Scriptorium: Master of Manuscripts,16-04-2026,2026-04-16T00:00:00,https://www.youtube.com/watch?v=hvJugcaWKS0,6311,286,,Yaza Games,True,Mythwright,"{'original_release_date': 'Apr 16, 2026', 'original_platforms': ['PC (Microsoft Windows)'], 'ports': []}",2026-04-23
3127770,ACE Strategy: Mecha Nova,2586,"Indie, Strategy","Single-player, Multi-player, PvP, Online PvP, Steam Achievements, Family Sharing","Card & Board Game, Indie, Strategy",Fantasy,"card based combat, mecha",True,ACE Strategy,23-04-2026,2026-04-23T00:00:00,https://www.youtube.com/watch?v=wHLK4Mc6T7o,243,8,,EMINA STUDIO,True,"EMINA STUDIO, CC Games","{'original_release_date': 'Apr 24, 2026', 'original_platforms': ['PC (Microsoft Windows)'], 'ports': []}",2026-04-23
3161400,Infinity Sweeper,2390,"Casual, Indie, Strategy","Single-player, Steam Achievements, Stats, Steam Leaderboards, Family Sharing","Indie, Strategy",,"power-ups, roguelite",True,Infinity Sweeper,07-05-2026,2026-05-07T00:00:00,https://www.youtube.com/watch?v=-GXQ5TwAjz8,556,27,,Longshot Studio,True,Yogscast Games,"{'original_release_date': 'May 07, 2026', 'original_platforms': ['Mac', 'PC (Microsoft Windows)'], 'ports': []}",2026-04-23
3208910,The Good Dog: Chasing Shadows,1478,"Action, Adventure, Early Access","Single-player, Multi-player, Co-op, Online Co-op, Partial Controller Support, Family Sharing",,,,True,The Good Dog: Chasing Shadows,05-05-2026,2026-05-05T00:00:00,,0,0,,Poultry Party Games,True,Poultry Party Games,{},2026-04-23
3228580,Stolen Realm Survivors,2759,"Action, Indie, RPG","Single-player, Multi-player, Co-op, Online Co-op, Full controller support, Steam Cloud, Family Sharing","Indie, Role-playing (RPG)",Action,,True,Stolen Realm Survivors,07-05-2026,2026-05-07T00:00:00,,0,0,,Burst2Flame Games,True,Burst2Flame Games,{},2026-04-23
3247720,Cosmos point,1203,"Adventure, Strategy","Single-player, Steam Achievements, Custom Volume Controls, Mouse Only Option, Playable without Timed Input, Family Sharing","Adventure, Strategy, Turn-based strategy (TBS)",,"nextfest october 2025, steam achievements",True,Cosmos point,21-04-2026,2026-04-21T00:00:00,,0,0,,Anatoliy Sidorov,True,Anatoliy Sidorov,"{'original_release_date': 'Apr 21, 2026', 'original_platforms': ['PC (Microsoft Windows)'], 'ports': []}",2026-04-23
3301370,Comatose,1619,"Action, Adventure, Early Access","Single-player, Full controller support, Steam Cloud, Family Sharing",Adventure,"Action, Horror",,True,Comatose,24-04-2026,2026-04-24T00:00:00,,0,0,,Lucky Dart,True,The Bueno Interactive,"{'original_release_date': 'Apr 24, 2026', 'original_platforms': ['PC (Microsoft Windows)'], 'ports': []}",2026-04-23
3381680,Age of History 2: Definitive Edition,4419,"Indie, Strategy","Single-player, Multi-player, PvP, Shared/Split Screen PvP, Shared/Split Screen, Steam Achievements, Steam Workshop, Adjustable Text Size, Camera Comfort, Color Alternatives, Custom Volume Controls, Adjustable Difficulty, Mouse Only Option, Playable without Timed Input, Save Anytime, Stereo Sound, Steam Cloud, Remote Play Together, Family Sharing","Simulator, Strategy, Turn-based strategy (TBS)",Historical,,True,Age of History 2: Definitive Edition,15-04-2026,2026-04-15T00:00:00,https://www.youtube.com/watch?v=3IwoZVq-xTk,20492,8,,Łukasz Jakowski,True,Łukasz Jakowski Games,"{'original_release_date': 'Nov 21, 2018', 'original_platforms': ['PC (Microsoft Windows)'], 'ports': [{'platform': 'Android', 'release_date': 'Dec 04, 2018'}, {'platform': 'iOS', 'release_date': 'May 27, 2019'}]}",2026-04-23
3388410,Monster Crown: Sin Eater,1432,"Adventure, Indie, RPG, Strategy","Single-player, Steam Achievements, Full controller support, Family Sharing","Adventure, Puzzle, Role-playing (RPG)",,"controller support, nextfest june 2025",True,Monster Crown: Sin Eater,30-04-2026,2026-04-30T00:00:00,https://www.youtube.com/watch?v=C-cst-q4a0g,5835,414,,Studio Aurum,True,Studio Aurum,"{'original_release_date': 'Apr 30, 2026', 'original_platforms': ['Linux', 'Mac', 'PC (Microsoft Windows)', 'PlayStation 5', 'Xbox Series X|S'], 'ports': []}",2026-04-23
3400960,Oaken Tower,1026,"Strategy, Early Access","Multi-player, PvP, Online PvP, Steam Achievements, Color Alternatives, Mouse Only Option, Playable without Timed Input, Steam Cloud, Steam Leaderboards, Family Sharing","Indie, Strategy",Fantasy,"asymmetric gameplay, auto weapons, autobattler, pvp, synergies",True,Auto Weapons,28-04-2026,2026-04-28T00:00:00,,0,0,,Bocary Studios,True,Alibi Games,{},2026-04-23
3404260,Dead as Disco,35668,"Action, Indie, Early Access","Single-player, Multi-player, Full controller support, Family Sharing","Arcade, Indie",,high score,True,Dead as Disco,05-05-2026,2026-05-05T00:00:00,,0,0,,"Brain Jar Games, Inc.",True,"Brain Jar Games, Inc.","{'original_release_date': 'Feb 27, 2023', 'original_platforms': ['Playdate'], 'ports': []}",2026-04-23
3412900,???????,1804,"Adventure, Casual, Indie, RPG, Simulation, Strategy","Single-player, Family Sharing",,,,True,代号：三国,28-04-2026,2026-04-28T00:00:00,,0,0,,"玛奇阿朵互娱科技, 山与海工作室",True,"凤麟工作室, 一相逢互动娱乐",{},2026-04-23
3414580,Forbidden Solitaire,2980,"Indie, Strategy","Single-player, Steam Achievements, Family Sharing","Card & Board Game, Point-and-click, Visual Novel","Fantasy, Horror, Mystery, Survival","1990's, 1990s, 25d, 2d, 3d, alternate history, alternate reality, animated cutscenes, atmospheric, bloody, card based combat, cards, casual, casual game, coins, combat, combo, computer, corpse, dark, dark ambient, dark fantasy, dark humor, demon, demons, die and retry, dungeon, dungeon crawler, dungeon crawling, fake glitch, fmv, full motion video, full voice acting, games with gold, gold, health, interactive fiction, jump scare moment, low-poly, magic, mana, money, nostalgia, old school, playing cards, polygonal 3d, resource gathering, resource management, retro, shopping, simulated operating system, skeleton, skeletons, solitaire, spear, spooky, steam families, subtitles, supernatural, survival horror, text dialogue, text-heavy, undead, upgrade, upgrades, voice acting, wizards, zombies",True,Forbidden Solitaire,01-04-2026,2026-04-30T00:00:00,https://www.youtube.com/watch?v=YcvUuICu8hU,15074,518,,"Grey Alien Games, Night Signal Entertainment",True,"Night Signal Entertainment, Grey Alien Games","{'original_release_date': 'Apr 2026', 'original_platforms': ['PC (Microsoft Windows)'], 'ports': []}",2026-04-23
3429890,Devil of the Plague,1064,"Action, Adventure, Indie, Strategy, Early Access","Single-player, Multi-player, Co-op, Online Co-op, Steam Achievements, In-App Purchases, Camera Comfort, Custom Volume Controls, Adjustable Difficulty, Stereo Sound, Subtitle Options, Partial Controller Support, Steam Cloud, Family Sharing","Adventure, Fighting, Indie, Strategy","Action, Horror, Mystery, Survival","4 player co-op, atmospheric, psychological horror",True,Devil of the Plague,01-05-2026,2026-05-01T00:00:00,https://www.youtube.com/watch?v=6krcwcrWeGc,89167,1061,,SoulByte Games,True,SoulByte Games,{},2026-04-23
3432650,??,1286,"Adventure, Indie","Single-player, Family Sharing",,,,True,,13-05-2026,2026-05-13T00:00:00,,0,0,,悄语灯,True,"悄语灯, Paras Games",{},2026-04-23
3440060,Cralon,3599,"Adventure, Indie, RPG, Simulation","Single-player, Steam Achievements, Camera Comfort, Custom Volume Controls, Adjustable Difficulty, Playable without Timed Input, Save Anytime, Stereo Sound, Subtitle Options, Partial Controller Support, Family Sharing","Adventure, Indie, Role-playing (RPG)",,"action-adventure, dungeon crawler, immersive sim",True,Cralon,17-04-2026,2026-04-17T00:00:00,https://www.youtube.com/watch?v=kZmZnkX9-Lc,28566,1144,,Pithead Studio,True,Pithead Studio,"{'original_release_date': 'Apr 17, 2026', 'original_platforms': ['PC (Microsoft Windows)', 'PlayStation 5', 'Xbox Series X|S'], 'ports': []}",2026-04-23
3484940,Curse of Pirates,1187,"Action, Indie, RPG","Single-player, Family Sharing","Indie, Role-playing (RPG)",Action,,True,Curse of Pirates,01-04-2026,2026-04-30T00:00:00,https://www.youtube.com/watch?v=6QZhPFarhSs,7976,58,,Funky Parrot,True,HeroCraft PC,{},2026-04-23
3513600,??,6739,"Adventure, Indie","Multi-player, Co-op, Online Co-op, Steam Achievements, Stereo Sound, Surround Sound, Family Sharing",,,,True,,17-04-2026,2026-04-17T00:00:00,,0,0,,山雨工作室,True,Pilot Games,{},2026-04-23
3551620,Kiss of Sin: Rewinding Flame,1623,"Adventure, Indie, RPG, Early Access","Single-player, Steam Achievements, Custom Volume Controls, Playable without Timed Input, Save Anytime, Stereo Sound, Steam Cloud, Family Sharing",,,,True,,20-04-2026,2026-04-20T00:00:00,,0,0,,L7team,True,L7team,{},2026-04-23
3596700,TerraTech Legion,6600,Action,"Single-player, Steam Achievements, Full controller support, Custom Volume Controls, Playable without Timed Input, Steam Cloud, Family Sharing",Shooter,Action,"action roguelike, nextfest june 2025",True,,30-04-2026,2026-04-30T00:00:00,https://www.youtube.com/watch?v=VnooYvvu-vM,4060,57,,Payload Studios,True,Mythwright,"{'original_release_date': 'Apr 30, 2026', 'original_platforms': ['PC (Microsoft Windows)', 'Xbox Series X|S'], 'ports': []}",2026-04-23
3618030,Flock Around,2366,"Casual, Indie","Single-player, Multi-player, Co-op, Online Co-op, Partial Controller Support, Steam Cloud, Family Sharing","Indie, Simulator","Open world, Party, Sandbox","birds, birdwatching, friendslop",True,,24-04-2026,2026-04-24T00:00:00,https://www.youtube.com/watch?v=H5Tpn1dv3x0,94769,10944,,Secret Plan Games,True,"Secret Plan Games, Outersloth","{'original_release_date': 'Apr 24, 2026', 'original_platforms': ['Mac', 'PC (Microsoft Windows)'], 'ports': []}",2026-04-23
3618520,Twin Shot Deluxe,2122,"Action, Casual, Indie","Single-player, Multi-player, Co-op, Shared/Split Screen Co-op, Shared/Split Screen, Full controller support, Adjustable Difficulty, Keyboard Only Option, Playable without Timed Input, Steam Cloud, Remote Play Together, Family Sharing","Arcade, Indie, Platform",Action,,True,,30-04-2026,2026-04-30T00:00:00,https://www.youtube.com/watch?v=vL_cPF495-w,60924,7555,,Nitrome Limited,True,Nitrome Limited,{},2026-04-23
3622640,Vending Machine Co.,1908,"Casual, Indie, Simulation","Single-player, Steam Achievements, Custom Volume Controls, Adjustable Difficulty, Mouse Only Option, Playable without Timed Input, Save Anytime, Stereo Sound, Steam Cloud, Family Sharing","Indie, Simulator",,,True,,25-04-2026,2026-04-25T00:00:00,https://www.youtube.com/watch?v=RBY62FhhbJc,836,32,,Rogue Duck Interactive,True,"Rogue Duck Interactive, Gamersky Games","{'original_release_date': 'Apr 25, 2026', 'original_platforms': ['Linux', 'Mac', 'PC (Microsoft Windows)'], 'ports': []}",2026-04-23
3672400,Farever,8704,"Action, Adventure, RPG, Early Access","Single-player, Multi-player, MMO, Co-op, Online Co-op, Full controller support, Family Sharing","Adventure, Role-playing (RPG)",Action,,True,,06-05-2026,2026-05-06T00:00:00,https://www.youtube.com/watch?v=NgiXBZMmCik,63355,139,,Shiro Games,True,Shiro Games,"{'original_release_date': 'May 06, 2026', 'original_platforms': ['PC (Microsoft Windows)'], 'ports': []}",2026-04-23
3690030,The Last Gas Station,3612,"Adventure, Casual, Indie, Simulation","Single-player, Full controller support, Steam Cloud, Family Sharing","Adventure, Indie, Simulator","Mystery, Sandbox, Survival","atmospheric, building, casual, colorful, combat, cozy, cute, exploration, futuristic, investigation, management, pixel graphics, sidescroller, story rich",True,The Last Gas Station,28-04-2026,2026-04-28T00:00:00,https://www.youtube.com/watch?v=EqpPGcfONtU,1661,51,,Alawar,True,Alawar,"{'original_release_date': 'Apr 28, 2026', 'original_platforms': ['PC (Microsoft Windows)'], 'ports': []}",2026-04-23
3713650,Teenage Mutant Ninja Turtles: Empire City,1182,"Action, Adventure","Single-player, Multi-player, Co-op, Online Co-op, VR Only, Family Sharing","Adventure, Fighting, Platform",Action,nextfest february 2026,True,Teenage Mutant Ninja Turtles: Empire City,30-04-2026,2026-04-30T00:00:00,https://www.youtube.com/watch?v=vY1EenBOtHY,368709,4213,,Cortopia Studios,True,Beyond Frames Entertainment,"{'original_release_date': 'Apr 30, 2026', 'original_platforms': ['Meta Quest 3', 'SteamVR'], 'ports': []}",2026-04-23
3732960,Rest Area Simulator,1314,"Casual, Indie, Simulation","Single-player, Multi-player, Co-op, Online Co-op, Steam Achievements, Camera Comfort, Custom Volume Controls, Playable without Timed Input, Stereo Sound, Surround Sound, Family Sharing","Indie, Simulator",Business,,True,Rest Area Simulator,24-04-2026,2026-04-24T00:00:00,https://www.youtube.com/watch?v=Bi0zr_mUPT4,137,1,,Oriseus Studios,True,PlayWay S.A.,"{'original_release_date': 'Apr 24, 2026', 'original_platforms': ['PC (Microsoft Windows)'], 'ports': []}",2026-04-23
3794610,Goblin Vyke: The Thief Tycoon,2657,"Adventure, RPG, Simulation","Single-player, Full controller support, Steam Cloud, Family Sharing","Adventure, Role-playing (RPG), Simulator",Stealth,"dungeon crawler, metroidvania, shop keeper",True,,30-04-2026,2026-04-30T00:00:00,https://www.youtube.com/watch?v=mKbGhoTGuUo,193,6,,Art Thieves,True,"Art Thieves, Gamersky Games","{'original_release_date': 'Apr 30, 2026', 'original_platforms': ['PC (Microsoft Windows)'], 'ports': []}",2026-04-23
3856280,holoVillage: Our Cozy Days,2859,"Adventure, Indie, RPG, Simulation","Single-player, Steam Achievements, Custom Volume Controls, Stereo Sound, Partial Controller Support, Steam Cloud, Family Sharing","Indie, Role-playing (RPG), Simulator","Fantasy, Sandbox",,True,,24-04-2026,2026-04-24T00:00:00,https://www.youtube.com/watch?v=QVdja8UH2N0,5411,353,, Roboqlo,True, holo Indie,"{'original_release_date': 'Apr 24, 2026', 'original_platforms': ['PC (Microsoft Windows)'], 'ports': []}",2026-04-23
3868320,Forage Wizard,1037,"Casual, Indie, Simulation, Strategy","Single-player, Steam Achievements, Custom Volume Controls, Playable without Timed Input, Save Anytime, Stereo Sound, Steam Cloud, Family Sharing","Indie, Simulator, Strategy",,"accessibility options, custom volume controls, nextfest february 2026, playable without timed input, save anytime, steam achievements, stereo sound",True,,05-05-2026,2026-05-05T00:00:00,,0,0,,Lost Maxim,True,Lost Maxim,"{'original_release_date': 'Q2 2026', 'original_platforms': ['Mac', 'PC (Microsoft Windows)'], 'ports': []}",2026-04-23
3885590,The Coma 3: Bloodlines,2031,"Action, Adventure, Indie","Single-player, Steam Achievements, Full controller support, Family Sharing","Adventure, Indie","Action, Horror","controller support, korea, multiple protagonists",True,,30-04-2026,2026-04-30T00:00:00,https://www.youtube.com/watch?v=n1fCwK3eiHg,1412,64,,"Dvora Studio Co., Ltd.",True,"Headup, Thermite Games","{'original_release_date': 'Apr 30, 2026', 'original_platforms': ['PC (Microsoft Windows)', 'PlayStation 4', 'PlayStation 5', 'Xbox One', 'Xbox Series X|S'], 'ports': []}",2026-04-23
3885930,SandTable War: Three Kingdoms,1234,"Indie, Simulation, Strategy","Single-player, Steam Achievements, Adjustable Text Size, Camera Comfort, Custom Volume Controls, Adjustable Difficulty, Mouse Only Option, Playable without Timed Input, Save Anytime, Touch Only Option, Steam Cloud, Family Sharing","Indie, Simulator, Strategy",,nextfest october 2025,True,,23-04-2026,2026-04-23T00:00:00,,0,0,,古玩工作室,True,古玩工作室,"{'original_release_date': 'Apr 23, 2026', 'original_platforms': ['PC (Microsoft Windows)'], 'ports': []}",2026-04-23
3892270,Gamble With Your Friends,3116,"Adventure, Indie, Simulation","Single-player, Multi-player, Co-op, Online Co-op, Steam Achievements, Camera Comfort, Custom Volume Controls, Playable without Timed Input, Stereo Sound, Steam Cloud, Family Sharing","Adventure, Indie, Simulator, Strategy","Action, Comedy",,True,,01-05-2026,2026-05-01T00:00:00,,0,0,,"SkyBrave, blazitt, Gevizz, Kiwick",True,TENSTACK,{},2026-04-23
3894440,NO BACKUP,7653,"Action, Indie, Early Access","Single-player, Multi-player, Co-op, Online Co-op, Family Sharing","Indie, Shooter, Tactical","Action, Horror, Science fiction, Stealth, Survival, Thriller","bodycam, online coop, online multiplayer, psychological horror, survival horror",True,,01-04-2026,2026-04-30T00:00:00,,0,0,,Serundeox,True,Serundeox,"{'original_release_date': 'Q1 2026', 'original_platforms': ['PC (Microsoft Windows)'], 'ports': []}",2026-04-23
3907940,MMO98,1798,"Simulation, Strategy","Single-player, Steam Achievements, Custom Volume Controls, Mouse Only Option, Playable without Timed Input, Save Anytime, Stereo Sound, Steam Cloud, Family Sharing","Simulator, Strategy",Business,"idler, incremental, incremental game",True,,20-04-2026,2026-04-20T00:00:00,https://www.youtube.com/watch?v=avvzKYRGSTU,40,0,,BiteMe Games,True,BiteMe Games,"{'original_release_date': 'Apr 20, 2026', 'original_platforms': ['Mac', 'PC (Microsoft Windows)'], 'ports': []}",2026-04-23
3946110,Fracture Field,1121,"Casual, Indie, Simulation","Single-player, Steam Achievements, Custom Volume Controls, Mouse Only Option, Playable without Timed Input, Steam Cloud, Family Sharing","Indie, Simulator, Strategy","Action, Science fiction","casual, clicker, idle, incremental, management, pixel art, single-player only, upgrades",True,Fracture Field,20-04-2026,2026-04-20T00:00:00,https://www.youtube.com/watch?v=HIEbHf4utuA,364,4,,Type-Ten,True,"Type Ten LLC, Gamersky Games, Drillhounds","{'original_release_date': 'Aug 01, 2025', 'original_platforms': ['Web browser'], 'ports': [{'platform': 'PC (Microsoft Windows)', 'release_date': 'Apr 20, 2026'}]}",2026-04-23
3962020,EXD - Extra Dimensional,2249,"Action, Adventure, RPG","Single-player, Steam Achievements, Tracked Controller Support, VR Only, Family Sharing","Adventure, Role-playing (RPG)",Action,vr only,True,EXD - Extra Dimensional,16-04-2026,2026-04-16T00:00:00,https://www.youtube.com/watch?v=ElobvXKfK_Y,294,35,,Lords of Illusion,True,Lords of Illusion,"{'original_release_date': 'Apr 16, 2026', 'original_platforms': ['SteamVR'], 'ports': []}",2026-04-23
3966480,Lustquake Legion,3645,"Casual, Simulation, Free To Play","Single-player, In-App Purchases",,,,True,,27-04-2026,2026-04-27T00:00:00,,0,0,,Amazed Studio,True,Passion Panda Publishing,{},2026-04-23
4066390,City States: Medieval,1210,"Indie, Strategy, Early Access","Single-player, Adjustable Text Size, Custom Volume Controls, Adjustable Difficulty, Mouse Only Option, Playable without Timed Input, Save Anytime, Family Sharing","Indie, Real Time Strategy (RTS), Strategy",,"ai-generated artwork, ai-generated sound effects, grand strategy, tower defense, wargame",True,,20-04-2026,2026-04-20T00:00:00,https://www.youtube.com/watch?v=lBHhdvYOE9Y,951,15,,Reverie World Studios,True,indie.io,"{'original_release_date': 'Apr 20, 2026', 'original_platforms': ['PC (Microsoft Windows)'], 'ports': []}",2026-04-23
4111260,??,2107,"Indie, RPG","Single-player, Steam Achievements, Family Sharing",,,,True,,07-05-2026,2026-05-07T00:00:00,,0,0,, Ghostcase,True,Erabit,{},2026-04-23
4128580,BidKing:????,9277,"Casual, Indie, Massively Multiplayer, Simulation, Sports, Strategy","Multi-player, MMO, PvP, Online PvP, In-App Purchases, Custom Volume Controls, Mouse Only Option, Playable without Timed Input, Save Anytime, Touch Only Option, Family Sharing",,,,True,BidKing,15-04-2026,2026-04-15T00:00:00,,0,0,,MindSurge Network & Games,True,Elegoose Games,{},2026-04-23
4142300,MELFIAS ?Azure and Crimson Verge?,1665,"Adventure, Indie, RPG","Single-player, Steam Cloud, Family Sharing",,,,True,MELFIAS －Azure and Crimson Verge－,16-04-2026,2026-04-16T00:00:00,,0,0,,dorgel,True,akaeroCore,{},2026-04-23
4164900,Gacha Capsule Shop Simulator - Akihabara,1780,"Casual, Indie, Simulation, Early Access","Single-player, Full controller support, Camera Comfort, Custom Volume Controls, Playable without Timed Input, Save Anytime, Stereo Sound, Surround Sound, Steam Cloud, Family Sharing","Indie, Simulator",,ai-generated music,True,,01-04-2026,2026-04-30T00:00:00,,0,0,,UGC90,True,"UGC90, Gamersky Games","{'original_release_date': 'Apr 2026', 'original_platforms': ['PC (Microsoft Windows)'], 'ports': []}",2026-04-23
4165310,Loot Tycoon,2348,"Adventure, Casual, Indie, Early Access","Single-player, Steam Achievements, Steam Cloud, Family Sharing","Adventure, Indie, Role-playing (RPG), Simulator",Action,,True,,19-04-2026,2026-04-19T00:00:00,,0,0,,Parallel Portal,True,Parallel Portal,"{'original_release_date': 'Apr 20, 2026', 'original_platforms': ['PC (Microsoft Windows)'], 'ports': []}",2026-04-23
4197610,Librarian: Tidy Up the Arcane Library!,1249,"Casual, Indie, Simulation","Single-player, Steam Achievements, Full controller support, Custom Volume Controls, Playable without Timed Input, Save Anytime, Stereo Sound, Surround Sound, Steam Cloud, Family Sharing","Indie, Puzzle, Simulator",Fantasy,,True,,30-04-2026,2026-04-30T00:00:00,https://www.youtube.com/watch?v=Dh81e2oVZbM,5165,91,,ArtRising,True,ArtRising,{},2026-04-23
4216670,Typing Farmer,29292,"Casual, Indie, Simulation","Single-player, Multi-player, Co-op, Online Co-op, Steam Achievements, Steam Cloud, Family Sharing","Indie, Simulator",,"nextfest february 2026, steam achievements",True,,19-04-2026,2026-04-19T00:00:00,https://www.youtube.com/watch?v=ikSQSDAn_-Y,186,4,,MilkwayStudio,True,MilkwayStudio,"{'original_release_date': 'Apr 20, 2026', 'original_platforms': ['PC (Microsoft Windows)'], 'ports': []}",2026-04-23
4244510,Pratfall,1290,"Action, Adventure, Indie","Single-player, Multi-player, Co-op, Online Co-op, Steam Achievements, Full controller support, Adjustable Text Size, Camera Comfort, Custom Volume Controls, Playable without Timed Input, Stereo Sound, Steam Cloud, Family Sharing","Adventure, Indie","Action, Comedy","action roguelike, cave, online coop, procedural generation",True,,20-04-2026,2026-04-20T00:00:00,https://www.youtube.com/watch?v=lttxyQRx940,450,11,,Quad Head,True,Quad Head,"{'original_release_date': 'Apr 20, 2026', 'original_platforms': ['PC (Microsoft Windows)'], 'ports': []}",2026-04-23
4293360,Milf Solitaire: Lust Collector,2773,"Casual, Simulation, Free To Play","Single-player, In-App Purchases, Mouse Only Option, Playable without Timed Input",,,,True,,30-04-2026,2026-04-30T00:00:00,,0,0,,U Master,True,U Master,{},2026-04-23
4414250,Sisters in Sin ??,2198,"Casual, RPG, Simulation","Single-player, Steam Achievements, Family Sharing",,,,True,,18-04-2026,2026-04-18T00:00:00,,0,0,,Lewd Star,True,Lewd Star,{},2026-04-23
4510830,Myth of Empires: Throne,3096,"Action, Adventure, Casual, Massively Multiplayer, Strategy, Free To Play","Multi-player, MMO, PvP, Online PvP, Co-op, Online Co-op, Cross-Platform Multiplayer, In-App Purchases","Adventure, Indie, Role-playing (RPG), Strategy","Action, Historical, Sandbox, Survival, Warfare",open world survival craft,True,,16-04-2026,2026-04-16T00:00:00,https://www.youtube.com/watch?v=2lStpDVJWmU,7487,39,,Angela Game,True,Celestial Star Publishing,"{'original_release_date': 'Apr 16, 2026', 'original_platforms': ['PC (Microsoft Windows)'], 'ports': []}",2026-04-23
4516460,Miser King gamesforfarm,1235,"Casual, Indie","Single-player, Steam Achievements, Steam Leaderboards, Family Sharing",,,,True,,17-04-2026,2026-04-17T00:00:00,,0,0,,Gamesforfarm,True,Gamesforfarm,{},2026-04-23
